Number,Last,First,IP,GP,GS,BF,#P,W,L,SV,SVO,BS,SV%,H,R,ER,BB,SO,K-L,HBP,ERA,WHIP,LOB,BK,PIK,CS,SB,SB%,WP,BAA,P/IP,P/BF,<3%,LOO,1ST2OUT,123INN,<13,FIP,S%,FPS%,FPSO%,FPSW%,FPSH%,BB/INN,0BBINN,BBS,LOBB,LOBBS,SM%,K/BF,K/BB,WEAK%,HHB%,GO/AO,HR,LD%,FB%,GB%,BABIP,BA/RISP
2,Weston,Alexander,0,0,0,0,0,0,0,0,0,0,0,0,0,0,0,0,0,0,0,0,0,0,0,0,0,0,0,0,0,0,0,0,0,0,0,0,0,0,0,0,0,0,0,0,0,0,0,0,0,0,0,0,0,0,0,0,0,0
3,Kula,Frank,0,0,0,0,0,0,0,0,0,0,0,0,0,0,0,0,0,0,0,0,0,0,0,0,0,0,0,0,0,0,0,0,0,0,0,0,0,0,0,0,0,0,0,0,0,0,0,0,0,0,0,0,0,0,0,0,0,0
4,Sanders,Marcus,3.2,1,0,20,88,0,0,0,0,0,0,3,2,0,2,3,2,2,0,1.364,7,0,0,0,1,100,4,0.188,24,4.4,15,2,0,0,0,4.365,63.64,70,71.43,14.29,7.14,0.545,1,0,1,0,6.82,0.15,1.5,84.62,15.38,1.333,0,7.69,15.38,75,0.231,0.1
4,Watson,Jordan,0,1,0,0,0,0,0,0,0,0,0,0,0,0,0,0,0,0,0,0,0,0,0,0,0,0,0,0,0,0,0,0,0,0,0,0,0,0,0,0,0,0,0,0,0,0,0,0,0,0,0,0,0,0,0,0,0,0
5,Hagan,Alex,1,1,0,5,25,0,0,0,0,0,0,1,0,0,2,1,0,0,0,3,2,0,0,0,0,0,0,0.333,25,5,20,0,0,0,0,6.35,48,60,66.67,33.33,0,2,0,0,1,0,8,0.2,0.5,0,100,0,0,0,0,100,0.5,0
6,Moser,Adam,0,0,0,0,0,0,0,0,0,0,0,0,0,0,0,0,0,0,0,0,0,0,0,0,0,0,0,0,0,0,0,0,0,0,0,0,0,0,0,0,0,0,0,0,0,0,0,0,0,0,0,0,0,0,0,0,0,0
7,Fickett,Korbin,3,1,0,13,38,0,0,0,0,0,0,1,2,0,0,6,4,1,0,0.333,2,0,0,0,2,100,0,0.083,12.7,2.923,53.85,3,2,2,2,0.003,84.21,84.62,90.91,0,9.09,0,3,0,0,0,23.68,0.462,0,66.67,33.33,0.5,0,33.33,16.67,50,0.167,0.25
8,Sanchez,Kevin,9,4,4,57,217,0,3,0,0,0,0,15,19,13,9,9,0,5,10.11,2.667,9,0,0,0,2,100,3,0.349,24.1,3.807,38.6,7,3,1,2,5.199,54.84,49.12,60.71,14.29,21.43,1,4,5,2,2,13.82,0.158,1,76.47,23.53,1.125,0,5.88,38.24,55.88,0.441,0.55
9,Winget,Braden,2,2,0,11,42,0,0,0,0,0,0,1,1,0,2,3,1,0,0,1.5,4,0,0,0,2,100,0,0.111,21,3.818,45.45,1,0,0,0,2.745,59.52,63.64,71.43,14.29,14.29,1,0,1,1,1,11.9,0.273,1.5,100,0,2,0,0,33.33,66.67,0.167,0
10,Castro,Jesus,2,1,0,13,51,0,0,0,0,0,0,3,4,3,3,2,1,1,10.5,3,3,0,0,0,0,0,3,0.375,25.5,3.923,38.46,0,0,0,0,6.35,52.94,69.23,55.56,11.11,22.22,1.5,0,2,2,2,11.76,0.154,0.667,57.14,42.86,0,0,28.57,42.86,28.57,0.429,0.333
11,Winget,Preston,3,2,0,15,56,0,0,1,1,0,100,3,2,2,2,3,1,1,4.667,1.667,4,0,0,0,1,100,3,0.273,18.7,3.733,40,2,1,0,1,3.76,60.71,66.67,50,20,20,0.667,1,1,1,0,10.71,0.2,1.5,88.89,11.11,1,0,11.11,44.44,44.44,0.333,0.2
12,Higgs,Kaleb,1,1,0,6,20,0,0,0,0,0,0,0,2,0,1,0,0,1,0,1,1,0,0,0,0,0,0,0,20,3.333,50,0,0,0,0,8.38,55,83.33,80,20,0,1,0,1,1,1,5,0,0,75,25,2,0,25,25,50,0,0
14,Cook,Joseph,17.1,5,4,93,340,3,1,0,0,0,0,17,19,14,12,18,5,7,5.654,1.673,19,0,0,1,7,87.5,5,0.236,19.6,3.656,45.16,9,2,2,5,3.931,58.24,55.91,59.62,9.62,23.08,0.692,10,7,3,3,8.82,0.194,1.5,83.93,16.07,0.476,0,10.71,44.64,44.64,0.304,0.175
15,McCauley,Sam,15.1,4,2,63,283,3,0,0,0,0,0,5,0,0,10,28,7,1,0,0.978,14,0,1,0,2,100,5,0.096,18.5,4.492,22.22,13,8,5,5,1.351,59.72,58.73,75.68,8.11,8.11,0.652,8,0,1,0,18.73,0.444,2.8,76,24,0.889,0,20,28,50,0.208,0
17,McCracken,Ian,0,0,0,0,0,0,0,0,0,0,0,0,0,0,0,0,0,0,0,0,0,0,0,0,0,0,0,0,0,0,0,0,0,0,0,0,0,0,0,0,0,0,0,0,0,0,0,0,0,0,0,0,0,0,0,0,0,0
18,Wohler,Phillip,0,0,0,0,0,0,0,0,0,0,0,0,0,0,0,0,0,0,0,0,0,0,0,0,0,0,0,0,0,0,0,0,0,0,0,0,0,0,0,0,0,0,0,0,0,0,0,0,0,0,0,0,0,0,0,0,0,0
21,Scholtz,Larson,1.2,3,1,12,57,0,1,1,1,0,100,1,5,5,7,1,1,0,21,4.8,4,0,0,1,2,66.67,1,0.2,34.2,4.75,16.67,0,0,0,1,12.86,40.35,33.33,25,50,25,4.2,1,5,1,0,3.51,0.083,0.143,50,50,0,0,25,0,75,0.25,0
22,Rivera,Cipriano,8,5,0,34,132,1,0,0,0,0,0,7,2,2,7,11,6,0,1.75,1.75,6,0,0,1,2,66.67,1,0.259,16.5,3.882,38.24,4,4,3,5,2.675,56.82,44.12,73.33,0,26.67,0.875,5,0,0,0,13.64,0.324,1.571,62.5,37.5,0.6,0,18.75,37.5,43.75,0.438,0.125
23,Hiner,Jake,1.1,1,0,8,34,0,0,0,0,0,0,2,1,1,3,2,0,0,5.25,3.75,2,1,0,0,3,100,1,0.4,25.5,4.25,37.5,0,0,0,0,5.982,44.12,50,75,25,0,2.25,0,1,0,0,14.71,0.25,0.667,66.67,33.33,0,0,33.33,66.67,0,0.667,0
24,Montgomery,Callum,15.2,3,3,68,259,2,0,0,0,0,0,14,8,7,5,10,1,1,3.128,1.213,11,0,0,1,1,50,0,0.226,16.5,3.809,42.65,12,10,6,5,2.896,61.78,55.88,76.32,5.26,18.42,0.319,11,3,0,0,11.2,0.147,2,71.15,28.85,0.417,0,19.23,44.23,35.29,0.269,0.3
25,Potts,Ty,1,1,0,6,33,0,0,0,0,0,0,1,0,0,2,0,0,0,0,3,3,0,0,0,1,100,0,0.25,33,5.5,0,0,0,0,0,8.38,57.58,66.67,50,25,25,2,0,0,0,0,3.03,0,0,75,25,0,0,25,50,25,0.25,0
26,Downham,Jed,0,0,0,0,0,0,0,0,0,0,0,0,0,0,0,0,0,0,0,0,0,0,0,0,0,0,0,0,0,0,0,0,0,0,0,0,0,0,0,0,0,0,0,0,0,0,0,0,0,0,0,0,0,0,0,0,0,0
31,Sanchez,William,0,0,0,0,0,0,0,0,0,0,0,0,0,0,0,0,0,0,0,0,0,0,0,0,0,0,0,0,0,0,0,0,0,0,0,0,0,0,0,0,0,0,0,0,0,0,0,0,0,0,0,0,0,0,0,0,0,0
33,Amavizca,Richie,1,1,0,8,29,0,0,0,0,0,0,1,2,2,2,1,0,2,14,3,3,0,0,0,0,0,0,0.25,29,3.625,37.5,0,0,0,0,11.53,44.83,50,50,50,0,2,0,1,0,0,10.34,0.125,0.5,33.33,66.67,0,0,0,0,100,0.333,0
34,Farwell,Ty,2,1,0,11,45,0,0,0,0,0,0,0,1,1,4,2,1,1,3.5,2,4,0,0,0,0,0,0,0,22.5,4.091,36.36,2,1,0,0,7.645,44.44,54.55,66.67,33.33,0,2,0,1,0,0,13.33,0.182,0.5,100,0,0.333,0,0,75,25,0,0
35,Groves,Mike,1.1,1,0,5,26,0,0,0,0,0,0,1,0,0,0,3,2,0,0,0.75,3,0,0,0,2,100,0,0.2,19.5,5.2,20,0,0,0,0,-1.367,65.38,60,100,0,0,0,1,0,0,0,7.69,0.6,0,0,100,0,0,100,0,0,0.5,0
1,Arriaga,Aidan,1,1,0,5,24,0,0,0,0,0,0,1,1,1,1,1,1,0,7,2,1,0,0,0,3,100,0,0.25,24,4.8,20,0,0,0,0,3.76,45.83,40,50,50,0,1,0,0,0,0,4.17,0.2,1,100,0,0,0,0,66.67,33.33,0.333,0
3,Frye,Connor,3,3,0,11,41,0,0,0,0,0,0,1,1,1,1,2,1,2,2.333,0.667,1,0,1,0,0,0,0,0.125,13.7,3.727,36.36,3,1,1,1,4.437,53.66,27.27,100,0,0,0.333,2,0,0,0,4.88,0.182,2,83.33,16.67,0.333,0,16.67,66.67,16.67,0.167,0.5
5,Ortega,Noble,6.1,6,0,30,142,0,0,0,0,0,0,8,3,3,5,10,4,0,3.316,2.053,6,0,0,1,2,66.67,2,0.32,22.4,4.733,23.33,5,1,0,1,2.039,54.93,46.67,78.57,7.14,14.29,0.789,2,0,1,0,10.56,0.333,2,80,20,0.667,0,13.33,26.67,60,0.533,0.444
6,Morton,Aiden,0,0,0,0,0,0,0,0,0,0,0,0,0,0,0,0,0,0,0,0,0,0,0,0,0,0,0,0,0,0,0,0,0,0,0,0,0,0,0,0,0,0,0,0,0,0,0,0,0,0,0,0,0,0,0,0,0,0
9,Ortega,Cesar,2,1,0,9,45,0,0,0,0,0,0,1,0,0,3,2,0,0,0,2,3,0,0,1,2,66.67,0,0.167,22.5,5,22.22,1,1,1,1,5.055,53.33,77.78,71.43,14.29,14.29,1.5,1,0,1,0,11.11,0.222,0.667,50,50,0.5,0,0,50,50,0.25,0
10,Kundig,Cameron,16,4,3,71,257,2,0,0,0,0,0,12,9,5,6,14,3,1,2.188,1.125,13,0,1,0,3,100,2,0.188,16.1,3.62,50.7,10,4,2,7,2.557,64.59,56.34,80,7.5,10,0.375,10,3,3,2,10.89,0.197,2.333,80,20,1.636,0,18,22,60,0.24,0.273
11,Dawson,Kayden,0,0,0,0,0,0,0,0,0,0,0,0,0,0,0,0,0,0,0,0,0,0,0,0,0,0,0,0,0,0,0,0,0,0,0,0,0,0,0,0,0,0,0,0,0,0,0,0,0,0,0,0,0,0,0,0,0,0
12,Meltzer,Max,9.2,5,0,50,198,0,0,0,0,0,0,10,13,13,9,6,4,2,9.414,1.966,10,3,0,1,4,80,5,0.256,20.5,3.96,44,3,3,1,1,4.887,54.04,48,58.33,12.5,20.83,0.931,4,6,1,1,5.56,0.12,0.667,87.88,12.12,0.429,0,12.12,51.52,36.36,0.303,0.222
13,Buysse,Jacob,0,0,0,0,0,0,0,0,0,0,0,0,0,0,0,0,0,0,0,0,0,0,0,0,0,0,0,0,0,0,0,0,0,0,0,0,0,0,0,0,0,0,0,0,0,0,0,0,0,0,0,0,0,0,0,0,0,0
14,Seliskar,Judson,0,0,0,0,0,0,0,0,0,0,0,0,0,0,0,0,0,0,0,0,0,0,0,0,0,0,0,0,0,0,0,0,0,0,0,0,0,0,0,0,0,0,0,0,0,0,0,0,0,0,0,0,0,0,0,0,0,0
16,Murata,Stevie,0,0,0,0,0,0,0,0,0,0,0,0,0,0,0,0,0,0,0,0,0,0,0,0,0,0,0,0,0,0,0,0,0,0,0,0,0,0,0,0,0,0,0,0,0,0,0,0,0,0,0,0,0,0,0,0,0,0
17,Raymond,Michael,1.2,1,1,13,50,0,1,0,0,0,0,4,5,5,4,2,1,0,21,4.8,2,0,0,0,2,100,1,0.444,30,3.846,46.15,1,0,0,0,6.98,52,46.15,50,16.67,33.33,2.4,0,3,1,1,14,0.154,0.5,71.43,28.57,0,0,0,57.14,42.86,0.571,0.333
19,Gehrman,Mason,18.2,4,3,76,339,2,1,0,0,0,0,10,5,3,8,31,7,5,1.125,0.964,13,0,0,2,4,66.67,2,0.159,18.2,4.461,26.32,12,8,4,4,2.173,60.47,46.05,77.14,5.71,14.29,0.429,13,1,2,1,21.24,0.408,3.875,78.13,21.88,0.5,1,9.38,43.75,46.88,0.29,0.118
20,Nelson,Tyler,1,1,0,5,24,0,0,0,0,0,0,1,1,1,1,1,0,0,7,2,1,0,0,0,2,100,0,0.25,24,4.8,20,0,0,0,0,3.76,50,80,50,25,25,1,0,1,1,1,0,0.2,1,100,0,0,0,0,66.67,33.33,0.333,0.5
21,Weakland,Jack,8.1,5,3,50,161,0,3,0,0,0,0,13,17,11,6,9,6,4,9.24,2.28,6,0,0,0,1,100,0,0.325,19.3,3.22,56,6,3,3,5,4.116,63.35,58,58.62,0,34.48,0.72,6,3,1,1,7.45,0.18,1.5,77.42,22.58,1.8,0,19.35,32.26,48.39,0.419,0.563
22,Rose,Jack,0,0,0,0,0,0,0,0,0,0,0,0,0,0,0,0,0,0,0,0,0,0,0,0,0,0,0,0,0,0,0,0,0,0,0,0,0,0,0,0,0,0,0,0,0,0,0,0,0,0,0,0,0,0,0,0,0,0
23,Partch,Gavin,13.1,6,2,58,180,1,1,0,0,0,0,13,7,2,3,9,2,2,1.05,1.2,13,0,0,0,2,100,0,0.245,13.5,3.103,56.9,8,4,4,9,2.801,70.56,81.03,68.09,4.26,23.4,0.225,10,2,1,1,12.22,0.155,3,81.82,18.18,0.929,0,9.09,38.64,52.27,0.295,0.222
26,England,Kyle,0,0,0,0,0,0,0,0,0,0,0,0,0,0,0,0,0,0,0,0,0,0,0,0,0,0,0,0,0,0,0,0,0,0,0,0,0,0,0,0,0,0,0,0,0,0,0,0,0,0,0,0,0,0,0,0,0,0
26,England,,0,0,0,0,0,0,0,0,0,0,0,0,0,0,0,0,0,0,0,0,0,0,0,0,0,0,0,0,0,0,0,0,0,0,0,0,0,0,0,0,0,0,0,0,0,0,0,0,0,0,0,0,0,0,0,0,0,0
33,Wise,Kaleb,2.2,2,1,19,84,0,1,0,0,0,0,2,6,2,8,1,1,1,5.25,3.75,2,0,0,0,0,0,0,0.2,31.5,4.421,26.32,1,0,0,1,11.18,45.24,31.58,33.33,33.33,16.67,3,0,3,1,0,3.57,0.053,0.125,77.78,22.22,0.333,0,11.11,55.56,33.33,0.222,0.2
34,Windeshausen,Carson,0,0,0,0,0,0,0,0,0,0,0,0,0,0,0,0,0,0,0,0,0,0,0,0,0,0,0,0,0,0,0,0,0,0,0,0,0,0,0,0,0,0,0,0,0,0,0,0,0,0,0,0,0,0,0,0,0,0
35,Kelly,Aidan,0,0,0,0,0,0,0,0,0,0,0,0,0,0,0,0,0,0,0,0,0,0,0,0,0,0,0,0,0,0,0,0,0,0,0,0,0,0,0,0,0,0,0,0,0,0,0,0,0,0,0,0,0,0,0,0,0,0
36,Patito,Morgan,5,3,1,21,103,1,0,0,0,0,0,1,3,2,7,10,5,0,2.8,1.6,3,0,0,0,3,100,0,0.071,20.6,4.905,19.05,3,2,1,0,2.766,51.46,42.86,55.56,33.33,11.11,1.4,1,3,2,1,10.68,0.476,1.429,50,50,0,0,25,0,75,0.25,0.167
1,Vo,Kenny,0.1,1,0,1,4,0,0,0,0,0,0,0,0,0,0,0,0,0,0,0,3,0,0,0,0,0,0,0,12,4,0,0,0,0,0,3.2,50,100,100,0,0,0,0,0,0,0,0,0,0,100,0,0,0,0,100,0,0,0
4,Oshiro,Kaden,0,0,0,0,0,0,0,0,0,0,0,0,0,0,0,0,0,0,0,0,0,0,0,0,0,0,0,0,0,0,0,0,0,0,0,0,0,0,0,0,0,0,0,0,0,0,0,0,0,0,0,0,0,0,0,0,0,0
5,Irwin,Dalton,8.2,6,0,50,179,0,0,0,0,0,0,21,17,13,5,9,3,0,10.5,3,7,0,0,2,4,66.67,3,0.467,20.7,3.58,44,5,2,1,2,2.586,60.34,64,43.75,6.25,50,0.577,5,2,0,0,7.82,0.18,1.8,77.78,22.22,5.5,0,13.89,33.33,52.78,0.583,0.5
6,Booth,Kenny,0,0,0,0,0,0,0,0,0,0,0,0,0,0,0,0,0,0,0,0,0,0,0,0,0,0,0,0,0,0,0,0,0,0,0,0,0,0,0,0,0,0,0,0,0,0,0,0,0,0,0,0,0,0,0,0,0,0
7,Reding,Richard,0,0,0,0,0,0,0,0,0,0,0,0,0,0,0,0,0,0,0,0,0,0,0,0,0,0,0,0,0,0,0,0,0,0,0,0,0,0,0,0,0,0,0,0,0,0,0,0,0,0,0,0,0,0,0,0,0,0
8,Macias,Mason,0,0,0,0,0,0,0,0,0,0,0,0,0,0,0,0,0,0,0,0,0,0,0,0,0,0,0,0,0,0,0,0,0,0,0,0,0,0,0,0,0,0,0,0,0,0,0,0,0,0,0,0,0,0,0,0,0,0
9,Highberger,Chase,0,0,0,0,0,0,0,0,0,0,0,0,0,0,0,0,0,0,0,0,0,0,0,0,0,0,0,0,0,0,0,0,0,0,0,0,0,0,0,0,0,0,0,0,0,0,0,0,0,0,0,0,0,0,0,0,0,0
10,Almany,Austin,0,0,0,0,0,0,0,0,0,0,0,0,0,0,0,0,0,0,0,0,0,0,0,0,0,0,0,0,0,0,0,0,0,0,0,0,0,0,0,0,0,0,0,0,0,0,0,0,0,0,0,0,0,0,0,0,0,0
12,Ferguson,Brayden,0,0,0,0,0,0,0,0,0,0,0,0,0,0,0,0,0,0,0,0,0,0,0,0,0,0,0,0,0,0,0,0,0,0,0,0,0,0,0,0,0,0,0,0,0,0,0,0,0,0,0,0,0,0,0,0,0,0
13,Garcia,Dylan,9.2,4,0,53,185,0,0,0,0,0,0,12,14,7,4,5,2,7,5.069,1.655,9,1,0,1,2,66.67,0,0.3,19.1,3.491,49.06,5,3,1,3,5.097,57.84,58.49,51.61,6.45,22.58,0.414,6,2,0,0,7.03,0.094,1.25,64.86,35.14,0.5,0,21.62,37.84,40.54,0.324,0.278
14,Espinoza,Alejandro,22,5,4,97,360,3,1,0,0,0,0,18,11,10,12,20,5,4,3.182,1.364,20,1,0,3,6,66.67,5,0.222,16.4,3.711,42.27,17,11,5,7,3.238,58.33,58.76,61.4,12.28,19.3,0.545,12,2,1,1,13.33,0.206,1.667,73.77,26.23,2,0,18.03,18.03,63.93,0.295,0.211
15,Wainfield,Trent,0,0,0,0,0,0,0,0,0,0,0,0,0,0,0,0,0,0,0,0,0,0,0,0,0,0,0,0,0,0,0,0,0,0,0,0,0,0,0,0,0,0,0,0,0,0,0,0,0,0,0,0,0,0,0,0,0,0
16,Catherine,James,25.2,6,6,118,494,1,3,0,0,0,0,20,16,14,21,31,5,7,3.818,1.597,24,1,1,4,14,77.78,1,0.23,19.2,4.186,29.66,14,7,4,4,3.574,56.28,51.69,60.66,9.84,18.03,0.818,10,5,9,3,14.17,0.263,1.476,67.24,32.76,0.762,0,22.41,32.76,43.86,0.345,0.206
18,Vendyl,Daniel,4.1,5,0,22,101,0,0,0,0,0,0,1,1,1,4,8,4,4,1.615,1.154,9,0,0,0,4,100,1,0.071,23.3,4.591,18.18,1,1,0,0,4.234,51.49,50,63.64,9.09,9.09,0.923,3,0,1,0,9.9,0.364,2,66.67,33.33,0.25,0,33.33,50,16.67,0.167,0.1
19,Fowler,Cole,0,0,0,0,0,0,0,0,0,0,0,0,0,0,0,0,0,0,0,0,0,0,0,0,0,0,0,0,0,0,0,0,0,0,0,0,0,0,0,0,0,0,0,0,0,0,0,0,0,0,0,0,0,0,0,0,0,0
20,Anderson,Dayton,0,0,0,0,0,0,0,0,0,0,0,0,0,0,0,0,0,0,0,0,0,0,0,0,0,0,0,0,0,0,0,0,0,0,0,0,0,0,0,0,0,0,0,0,0,0,0,0,0,0,0,0,0,0,0,0,0,0
22,Haydon,Whitfield,13.1,7,4,86,304,1,3,1,1,0,100,13,20,14,18,8,1,12,7.35,2.325,20,0,0,1,13,92.86,8,0.245,22.8,3.535,39.53,6,3,2,5,7.809,48.36,51.16,63.64,13.64,15.91,1.35,5,6,3,3,8.22,0.093,0.444,81.25,18.75,0.588,0,14.58,39.58,45.83,0.271,0.194
23,Jackson,Jonathan,0,0,0,0,0,0,0,0,0,0,0,0,0,0,0,0,0,0,0,0,0,0,0,0,0,0,0,0,0,0,0,0,0,0,0,0,0,0,0,0,0,0,0,0,0,0,0,0,0,0,0,0,0,0,0,0,0,0
24,Marr,Tyler,0,0,0,0,0,0,0,0,0,0,0,0,0,0,0,0,0,0,0,0,0,0,0,0,0,0,0,0,0,0,0,0,0,0,0,0,0,0,0,0,0,0,0,0,0,0,0,0,0,0,0,0,0,0,0,0,0,0
25,McCoy,Quinn,0,0,0,0,0,0,0,0,0,0,0,0,0,0,0,0,0,0,0,0,0,0,0,0,0,0,0,0,0,0,0,0,0,0,0,0,0,0,0,0,0,0,0,0,0,0,0,0,0,0,0,0,0,0,0,0,0,0
26,McPeek,Gavin,0.2,1,0,3,7,0,0,0,0,0,0,1,0,0,0,1,0,0,0,1.5,2,0,0,0,0,0,0,0.333,10.5,2.333,66.67,0,0,0,0,0.155,71.43,66.67,50,0,50,0,0,0,0,0,42.86,0.333,0,50,50,0,0,50,50,0,0.5,0
28,Ogletree,Alex,2.1,1,0,9,39,1,0,0,0,0,0,2,1,0,0,3,2,0,0,0.857,3,0,0,0,0,0,0,0.222,16.7,4.333,0,2,1,1,1,0.59,71.79,77.78,71.43,0,28.57,0,2,0,0,0,15.38,0.333,0,83.33,16.67,0.5,0,16.67,50,33.33,0.333,0.333
31,Gervais,Zach,0,0,0,0,0,0,0,0,0,0,0,0,0,0,0,0,0,0,0,0,0,0,0,0,0,0,0,0,0,0,0,0,0,0,0,0,0,0,0,0,0,0,0,0,0,0,0,0,0,0,0,0,0,0,0,0,0,0
33,Ochoa,Nicholas,0,0,0,0,0,0,0,0,0,0,0,0,0,0,0,0,0,0,0,0,0,0,0,0,0,0,0,0,0,0,0,0,0,0,0,0,0,0,0,0,0,0,0,0,0,0,0,0,0,0,0,0,0,0,0,0,0,0
34,Kelly,,8.2,3,1,37,128,0,0,1,1,0,100,9,7,7,0,8,1,3,5.654,1.038,4,1,0,1,4,80,1,0.265,14.8,3.459,37.84,6,6,4,4,2.223,65.63,70.27,76.92,0,11.54,0,8,0,0,0,14.06,0.216,0,76.92,23.08,0.545,0,23.08,46.15,30.77,0.346,0.333
35,Kennedy,Patrick,4.2,1,1,25,92,0,0,0,0,0,0,6,3,2,3,6,3,1,3,1.929,6,0,0,0,2,100,0,0.286,19.7,3.68,44,3,2,0,0,2.81,61.96,64,68.75,0,31.25,0.643,2,0,0,0,10.87,0.24,2,80,20,1,0,0,33.33,66.67,0.4,0.429
1,Damico,Dillon,13.2,6,0,59,243,0,0,0,0,0,0,11,7,4,9,15,2,0,2.049,1.463,14,0,1,1,5,83.33,0,0.224,17.8,4.119,37.29,8,2,2,2,2.678,62.55,59.32,80,2.86,17.14,0.659,6,2,1,0,13.17,0.254,1.667,74.29,25.71,0.538,0,17.14,51.43,31.43,0.314,0.174
2,Lopez,Robbie,0,0,0,0,0,0,0,0,0,0,0,0,0,0,0,0,0,0,0,0,0,0,0,0,0,0,0,0,0,0,0,0,0,0,0,0,0,0,0,0,0,0,0,0,0,0,0,0,0,0,0,0,0,0,0,0,0,0
2,Salgado - Rush,,0,0,0,0,0,0,0,0,0,0,0,0,0,0,0,0,0,0,0,0,0,0,0,0,0,0,0,0,0,0,0,0,0,0,0,0,0,0,0,0,0,0,0,0,0,0,0,0,0,0,0,0,0,0,0,0,0,0
3,McCray,Brandon,0,0,0,0,0,0,0,0,0,0,0,0,0,0,0,0,0,0,0,0,0,0,0,0,0,0,0,0,0,0,0,0,0,0,0,0,0,0,0,0,0,0,0,0,0,0,0,0,0,0,0,0,0,0,0,0,0,0
4,Singh,Matthew,0,0,0,0,0,0,0,0,0,0,0,0,0,0,0,0,0,0,0,0,0,0,0,0,0,0,0,0,0,0,0,0,0,0,0,0,0,0,0,0,0,0,0,0,0,0,0,0,0,0,0,0,0,0,0,0,0,0
5,Klee,JC,0,0,0,0,0,0,0,0,0,0,0,0,0,0,0,0,0,0,0,0,0,0,0,0,0,0,0,0,0,0,0,0,0,0,0,0,0,0,0,0,0,0,0,0,0,0,0,0,0,0,0,0,0,0,0,0,0,0
6,Salazar,Aidan,4.2,3,0,29,92,1,1,0,0,0,0,9,7,2,3,3,1,1,3,2.571,6,0,0,1,2,66.67,2,0.375,19.7,3.172,51.72,2,0,0,1,4.115,58.7,68.97,50,10,35,0.643,3,1,0,0,8.7,0.103,1,72.73,27.27,0.8,0,18.18,31.82,47.62,0.429,0.308
7,Chacon,Jesse,0,0,0,0,0,0,0,0,0,0,0,0,0,0,0,0,0,0,0,0,0,0,0,0,0,0,0,0,0,0,0,0,0,0,0,0,0,0,0,0,0,0,0,0,0,0,0,0,0,0,0,0,0,0,0,0,0,0
8,Edwards,Zach,0,0,0,0,0,0,0,0,0,0,0,0,0,0,0,0,0,0,0,0,0,0,0,0,0,0,0,0,0,0,0,0,0,0,0,0,0,0,0,0,0,0,0,0,0,0,0,0,0,0,0,0,0,0,0,0,0,0
9,Cobine,Bobby,0,1,0,0,0,0,0,0,0,0,0,0,0,0,0,0,0,0,0,0,0,0,0,0,0,0,0,0,0,0,0,0,0,0,0,0,0,0,0,0,0,0,0,0,0,0,0,0,0,0,0,0,0,0,0,0,0,0
10,Sanders,Marcus,8,3,1,37,158,0,0,0,0,0,0,6,4,4,6,13,6,3,3.5,1.5,9,0,1,1,1,50,2,0.214,19.8,4.27,27.03,5,2,1,0,2.815,55.7,54.05,70,15,10,0.75,3,2,2,1,11.39,0.351,2.167,66.67,33.33,3.5,0,20,13.33,66.67,0.4,0.222
11,Baylor,Cody,2,2,0,12,41,0,1,0,0,0,0,1,4,4,2,1,0,3,14,1.5,2,0,0,0,1,100,2,0.167,20.5,3.417,50,0,0,0,1,8.66,53.66,58.33,57.14,0,14.29,1,0,1,0,0,7.32,0.083,0.5,100,0,0,0,0,83.33,16.67,0.167,0
12,Neuner,Ethan,4.2,6,0,51,213,0,2,0,0,0,0,10,23,22,16,3,1,13,33,5.571,7,0,0,0,10,100,6,0.476,45.6,4.176,19.61,2,0,0,0,17.99,38.97,35.29,16.67,27.78,38.89,3.429,0,12,3,3,4.69,0.059,0.188,78.95,21.05,0.6,0,15.79,47.37,36.84,0.526,0.526
14,Chacon,Alex,0,0,0,0,0,0,0,0,0,0,0,0,0,0,0,0,0,0,0,0,0,0,0,0,0,0,0,0,0,0,0,0,0,0,0,0,0,0,0,0,0,0,0,0,0,0,0,0,0,0,0,0,0,0,0,0,0,0
15,Gifford,Jackson,0,0,0,0,0,0,0,0,0,0,0,0,0,0,0,0,0,0,0,0,0,0,0,0,0,0,0,0,0,0,0,0,0,0,0,0,0,0,0,0,0,0,0,0,0,0,0,0,0,0,0,0,0,0,0,0,0,0
16,Talavera,Issac,11.1,4,2,68,271,0,0,0,0,0,0,5,16,14,19,17,8,8,8.647,2.118,15,0,0,1,7,87.5,9,0.125,23.9,3.985,20.59,8,4,2,2,6.325,47.23,45.59,58.06,16.13,16.13,1.676,3,7,2,1,8.86,0.25,0.895,58.33,41.67,0.667,0,16.67,29.17,54.17,0.208,0.25
17,Dominic,Jace,15.2,6,5,77,302,0,2,0,0,0,0,17,15,14,9,15,6,5,6.255,1.66,14,0,0,0,5,100,1,0.274,19.3,3.922,37.66,9,7,6,5,3.571,60.26,61.04,74.47,6.38,14.89,0.574,9,5,1,1,10.26,0.195,1.667,70.83,29.17,1.6,0,22.92,20.83,55.32,0.362,0.4
18,Rodas,Issac,0,0,0,0,0,0,0,0,0,0,0,0,0,0,0,0,0,0,0,0,0,0,0,0,0,0,0,0,0,0,0,0,0,0,0,0,0,0,0,0,0,0,0,0,0,0,0,0,0,0,0,0,0,0,0,0,0,0
20,Barnes,Lucas,0,0,0,0,0,0,0,0,0,0,0,0,0,0,0,0,0,0,0,0,0,0,0,0,0,0,0,0,0,0,0,0,0,0,0,0,0,0,0,0,0,0,0,0,0,0,0,0,0,0,0,0,0,0,0,0,0,0
22,Gledhill,Garren,0,0,0,0,0,0,0,0,0,0,0,0,0,0,0,0,0,0,0,0,0,0,0,0,0,0,0,0,0,0,0,0,0,0,0,0,0,0,0,0,0,0,0,0,0,0,0,0,0,0,0,0,0,0,0,0,0,0
23,Silvers,Ryan,9,3,3,38,140,1,0,0,0,0,0,9,3,2,5,11,4,1,1.556,1.556,8,0,2,2,1,33.33,2,0.281,15.6,3.684,47.37,4,3,1,3,2.446,65.71,76.32,58.62,6.9,31.03,0.556,4,1,1,0,17.14,0.289,2.2,76.19,23.81,2.667,0,23.81,9.52,66.67,0.429,0.167
24,Willis,Trey,11,5,0,48,172,0,0,0,0,0,0,6,7,1,6,6,1,2,0.636,1.091,5,0,0,0,5,100,1,0.15,15.6,3.583,45.83,7,4,3,6,3.976,57.56,56.25,77.78,3.7,14.81,0.545,8,1,2,1,6.4,0.125,1,76.47,23.53,0.583,0,5.88,35.29,57.58,0.176,0
25,Koehler,Nate,8,5,3,53,223,0,1,0,0,0,0,12,15,12,16,5,2,1,10.5,3.5,11,0,0,1,6,85.71,4,0.333,27.9,4.208,32.08,3,0,0,1,7.435,48.43,52.83,50,25,25,2,3,4,3,0,6.73,0.094,0.313,74.19,25.81,0.556,0,16.13,35.48,46.67,0.387,0.318
27,Spindler,Connor,0,0,0,0,0,0,0,0,0,0,0,0,0,0,0,0,0,0,0,0,0,0,0,0,0,0,0,0,0,0,0,0,0,0,0,0,0,0,0,0,0,0,0,0,0,0,0,0,0,0,0,0,0,0,0,0,0,0
1,Gutierrez,CJ,0,0,0,0,0,0,0,0,0,0,0,0,0,0,0,0,0,0,0,0,0,0,0,0,0,0,0,0,0,0,0,0,0,0,0,0,0,0,0,0,0,0,0,0,0,0,0,0,0,0,0,0,0,0,0,0,0,0
2,Logsdon,Eric,0,0,0,0,0,0,0,0,0,0,0,0,0,0,0,0,0,0,0,0,0,0,0,0,0,0,0,0,0,0,0,0,0,0,0,0,0,0,0,0,0,0,0,0,0,0,0,0,0,0,0,0,0,0,0,0,0,0
3,Mcclleand,Mac,1,1,0,4,13,0,0,0,0,0,0,1,1,1,1,0,0,1,7,2,0,1,1,0,0,0,0,0.5,13,3.25,50,0,0,0,1,8.38,38.46,50,0,0,50,1,0,0,0,0,23.08,0,0,100,0,0,0,0,50,50,0.5,0
5,Gonzalez,Paul,2,2,0,11,62,0,0,0,0,0,0,2,3,1,3,2,2,0,3.5,2.5,2,0,0,0,1,100,2,0.25,31,5.636,18.18,0,0,0,0,5.055,51.61,100,54.55,18.18,18.18,1.5,0,1,1,1,9.68,0.182,0.667,50,50,0,0,16.67,0,83.33,0.333,0
6,Collins-Brown,Nixon,0,0,0,0,0,0,0,0,0,0,0,0,0,0,0,0,0,0,0,0,0,0,0,0,0,0,0,0,0,0,0,0,0,0,0,0,0,0,0,0,0,0,0,0,0,0,0,0,0,0,0,0,0,0,0,0,0,0
7,Boyce,Owen,3,3,0,15,65,1,0,1,1,0,100,1,2,1,3,4,0,2,2.333,1.333,4,0,0,0,2,100,0,0.1,21.7,4.333,20,0,0,0,1,4.81,55.38,53.33,75,0,12.5,1,0,1,2,1,6.15,0.267,1.333,66.67,33.33,2,0,33.33,0,66.67,0.167,0
8,Lombardo,Austin,0,0,0,0,0,0,0,0,0,0,0,0,0,0,0,0,0,0,0,0,0,0,0,0,0,0,0,0,0,0,0,0,0,0,0,0,0,0,0,0,0,0,0,0,0,0,0,0,0,0,0,0,0,0,0,0,0,0
9,Claman,Taylor,0,1,0,0,0,0,0,0,0,0,0,0,0,0,0,0,0,0,0,0,0,0,0,0,0,0,0,0,0,0,0,0,0,0,0,0,0,0,0,0,0,0,0,0,0,0,0,0,0,0,0,0,0,0,0,0,0,0
11,Rossetti,Joey,0,0,0,0,0,0,0,0,0,0,0,0,0,0,0,0,0,0,0,0,0,0,0,0,0,0,0,0,0,0,0,0,0,0,0,0,0,0,0,0,0,0,0,0,0,0,0,0,0,0,0,0,0,0,0,0,0,0
13,Ruiz,Diego,0,0,0,0,0,0,0,0,0,0,0,0,0,0,0,0,0,0,0,0,0,0,0,0,0,0,0,0,0,0,0,0,0,0,0,0,0,0,0,0,0,0,0,0,0,0,0,0,0,0,0,0,0,0,0,0,0,0
14,Carrillo,Preston,0,0,0,0,0,0,0,0,0,0,0,0,0,0,0,0,0,0,0,0,0,0,0,0,0,0,0,0,0,0,0,0,0,0,0,0,0,0,0,0,0,0,0,0,0,0,0,0,0,0,0,0,0,0,0,0,0,0
15,Aguilar,Chris,1.2,3,0,15,65,0,0,0,0,0,0,4,10,2,3,2,0,3,8.4,4.2,1,0,0,0,2,100,2,0.444,39,4.333,33.33,1,0,0,0,10.09,46.15,60,44.44,11.11,33.33,1.8,0,3,1,1,7.69,0.133,0.667,42.86,57.14,0,0,57.14,14.29,28.57,0.571,0.5
18,Silva,Jason,5,4,1,25,109,0,1,0,0,0,0,1,4,4,3,11,5,6,5.6,0.8,6,0,0,0,0,0,6,0.063,21.8,4.36,24,2,2,2,1,3.396,51.38,44,81.82,9.09,0,0.6,2,1,1,0,14.68,0.44,3.667,80,20,1,0,20,40,40,0.2,0.111
20,Martinez,Abel,4,3,0,26,78,0,0,0,0,0,0,10,8,7,2,2,0,0,12.25,3,6,0,0,0,3,100,0,0.417,19.5,3,65.38,2,0,0,1,3.48,66.67,61.54,56.25,6.25,37.5,0.5,2,2,1,1,15.38,0.077,1,68.18,31.82,0.667,0,31.82,40.91,27.27,0.455,0.4
21,Clayman,Chance,1,1,0,6,13,0,0,0,0,0,0,2,0,0,1,0,0,0,0,3,3,0,0,0,0,0,0,0.4,13,2.167,83.33,1,1,0,1,5.79,61.54,100,50,16.67,33.33,1,0,0,0,0,0,0,0,80,20,0,0,0,60,40,0.4,0.5
22,Hopkins,Tanner,16,3,3,68,263,2,0,0,0,0,0,14,5,5,7,19,8,1,2.188,1.313,15,0,0,2,3,60,2,0.233,16.4,3.868,41.18,11,7,6,8,2.084,61.22,61.76,66.67,2.38,28.57,0.438,10,2,2,1,8.37,0.279,2.714,80.49,19.51,0.643,0,14.63,36.59,48.78,0.341,0.263
23,Campos,Anthony,0,0,0,0,0,0,0,0,0,0,0,0,0,0,0,0,0,0,0,0,0,0,0,0,0,0,0,0,0,0,0,0,0,0,0,0,0,0,0,0,0,0,0,0,0,0,0,0,0,0,0,0,0,0,0,0,0,0
24,Jackson,Ethan,1,1,1,5,20,0,0,0,0,0,0,0,2,2,3,1,0,0,14,3,0,0,0,0,2,100,1,0,20,4,20,0,0,0,0,8.94,30,40,100,0,0,3,0,2,1,1,10,0.2,0.333,100,0,0,0,0,0,100,0,0
25,Gonzalez,Julian,3,4,0,14,66,0,0,0,0,0,0,0,2,2,4,5,0,2,4.667,1.333,2,0,0,0,0,0,2,0,22,4.714,14.29,2,2,2,1,4.997,46.97,42.86,83.33,0,0,1.333,2,1,1,1,16.67,0.357,1.25,100,0,2,0,0,33.33,66.67,0,0
33,Bonenfant,Michael,14,3,3,73,262,0,2,0,0,0,0,18,18,10,7,19,5,4,5,1.786,13,0,0,2,4,66.67,1,0.295,18.7,3.589,45.21,9,6,2,7,2.48,63.74,63.01,58.7,10.87,26.09,0.5,9,3,0,0,13.74,0.26,2.714,72.73,27.27,0.231,0,27.27,38.64,32.56,0.419,0.35
34,Williams,James,25,5,5,125,446,0,5,0,0,0,0,32,20,16,16,24,4,4,4.48,1.92,30,0,0,2,6,75,8,0.308,17.8,3.568,46.4,13,8,3,8,3.323,62.11,64,66.25,2.5,30,0.64,14,3,4,2,13,0.192,1.5,66.67,33.33,1.222,0,19.75,24.69,55,0.395,0.289
35,Sanchez,Samuel,8,4,1,37,149,1,0,1,1,0,100,7,4,3,4,16,5,1,2.625,1.375,9,0,0,1,4,80,3,0.219,18.6,4.027,37.84,5,3,2,4,0.759,65.77,56.76,80.95,9.52,9.52,0.5,6,1,0,0,20.81,0.432,4,62.5,37.5,0.5,0,25,25,50,0.438,0.154
1,Hutchinson,Gino,0,0,0,0,0,0,0,0,0,0,0,0,0,0,0,0,0,0,0,0,0,0,0,0,0,0,0,0,0,0,0,0,0,0,0,0,0,0,0,0,0,0,0,0,0,0,0,0,0,0,0,0,0,0,0,0,0,0
2,Nunley,Nate,0,0,0,0,0,0,0,0,0,0,0,0,0,0,0,0,0,0,0,0,0,0,0,0,0,0,0,0,0,0,0,0,0,0,0,0,0,0,0,0,0,0,0,0,0,0,0,0,0,0,0,0,0,0,0,0,0,0
3,Loving,Josh,0,0,0,0,0,0,0,0,0,0,0,0,0,0,0,0,0,0,0,0,0,0,0,0,0,0,0,0,0,0,0,0,0,0,0,0,0,0,0,0,0,0,0,0,0,0,0,0,0,0,0,0,0,0,0,0,0,0
4,Nelson,James,2.1,3,0,9,36,0,0,0,0,0,0,0,0,0,0,1,0,2,0,0,4,0,0,0,2,100,0,0,15.4,4,22.22,1,0,0,0,4.55,63.89,88.89,75,0,0,0,1,0,0,0,2.78,0.111,0,100,0,0,0,0,100,0,0,0
6,Keller,Logan,0,0,0,0,0,0,0,0,0,0,0,0,0,0,0,0,0,0,0,0,0,0,0,0,0,0,0,0,0,0,0,0,0,0,0,0,0,0,0,0,0,0,0,0,0,0,0,0,0,0,0,0,0,0,0,0,0,0
8,Carroll,Calvin,0,0,0,0,0,0,0,0,0,0,0,0,0,0,0,0,0,0,0,0,0,0,0,0,0,0,0,0,0,0,0,0,0,0,0,0,0,0,0,0,0,0,0,0,0,0,0,0,0,0,0,0,0,0,0,0,0,0
9,Fallentine,Brad,0,0,0,0,0,0,0,0,0,0,0,0,0,0,0,0,0,0,0,0,0,0,0,0,0,0,0,0,0,0,0,0,0,0,0,0,0,0,0,0,0,0,0,0,0,0,0,0,0,0,0,0,0,0,0,0,0,0
11,Harries,Tyler,0,0,0,0,0,0,0,0,0,0,0,0,0,0,0,0,0,0,0,0,0,0,0,0,0,0,0,0,0,0,0,0,0,0,0,0,0,0,0,0,0,0,0,0,0,0,0,0,0,0,0,0,0,0,0,0,0,0
12,Ely,Nicholas,5.1,3,0,23,84,0,0,0,0,0,0,3,2,1,3,7,4,1,1.313,1.125,6,0,0,0,0,0,2,0.176,15.8,3.652,52.17,2,1,0,1,2.478,63.1,56.52,69.23,7.69,15.38,0.563,3,2,1,1,13.1,0.304,2.333,66.67,33.33,1,0,16.67,25,58.33,0.25,0.111
13,Fuoco,Owen,0,0,0,0,0,0,0,0,0,0,0,0,0,0,0,0,0,0,0,0,0,0,0,0,0,0,0,0,0,0,0,0,0,0,0,0,0,0,0,0,0,0,0,0,0,0,0,0,0,0,0,0,0,0,0,0,0,0
14,Nunez,Isaiah,7,4,1,45,185,0,1,0,1,1,0,14,16,13,10,8,3,1,13,3.429,5,0,0,1,8,88.89,2,0.412,26.4,4.111,37.78,3,1,1,2,4.95,54.59,51.11,52.17,17.39,26.09,1.429,4,9,3,3,8.11,0.178,0.8,61.54,38.46,0.375,0,19.23,42.31,38.46,0.538,0.467
15,Robinson,Max,16.1,5,3,86,341,1,1,0,0,0,0,22,18,18,9,17,6,9,7.714,1.898,21,1,1,1,6,85.71,2,0.333,20.9,3.965,34.88,8,4,3,3,3.941,57.48,48.84,64.29,2.38,21.43,0.551,8,3,2,1,11.44,0.198,1.889,62.75,37.25,0.35,0,31.37,37.25,31.37,0.431,0.323
16,Brownyard,Nicholas,0,0,0,0,0,0,0,0,0,0,0,0,0,0,0,0,0,0,0,0,0,0,0,0,0,0,0,0,0,0,0,0,0,0,0,0,0,0,0,0,0,0,0,0,0,0,0,0,0,0,0,0,0,0,0,0,0,0
19,Pasillas,Andres,11,2,2,49,189,1,0,0,0,0,0,7,5,5,9,12,3,2,3.182,1.455,11,0,0,1,3,75,2,0.184,17.2,3.857,38.78,7,6,2,2,3.575,57.67,51.02,76,4,16,0.818,3,2,3,2,12.7,0.245,1.333,76.92,23.08,1,0,15.38,38.46,46.15,0.269,0.231
21,Motylewski,Mike,0,0,0,0,0,0,0,0,0,0,0,0,0,0,0,0,0,0,0,0,0,0,0,0,0,0,0,0,0,0,0,0,0,0,0,0,0,0,0,0,0,0,0,0,0,0,0,0,0,0,0,0,0,0,0,0,0,0
22,Toms,Jackson,9.2,5,1,50,207,1,2,1,1,0,100,11,15,9,8,8,3,4,6.517,1.966,5,0,3,0,3,100,2,0.297,21.4,4.14,28,6,4,0,2,4.735,54.11,42,66.67,0,19.05,0.828,5,5,1,1,6.76,0.16,1,80,20,0.364,0,10,46.67,43.33,0.367,0.267
23,Sema,Alan,0,0,0,0,0,0,0,0,0,0,0,0,0,0,0,0,0,0,0,0,0,0,0,0,0,0,0,0,0,0,0,0,0,0,0,0,0,0,0,0,0,0,0,0,0,0,0,0,0,0,0,0,0,0,0,0,0,0
25,Culver,Luke,0,0,0,0,0,0,0,0,0,0,0,0,0,0,0,0,0,0,0,0,0,0,0,0,0,0,0,0,0,0,0,0,0,0,0,0,0,0,0,0,0,0,0,0,0,0,0,0,0,0,0,0,0,0,0,0,0,0
26,Wysong,Payden,15,5,2,79,280,1,0,0,0,0,0,22,15,7,10,14,7,4,3.267,2.133,17,0,0,1,4,80,2,0.338,18.7,3.544,49.37,8,6,3,4,3.723,59.64,58.23,60.87,4.35,28.26,0.667,7,3,4,1,10,0.177,1.4,78.85,21.15,0.238,0,17.31,51.92,28,0.431,0.355
30,Diaz,Jose,5,1,1,23,85,0,0,0,0,0,0,2,1,1,5,6,4,2,1.4,1.4,7,1,0,0,1,100,1,0.125,17,3.696,47.83,4,1,0,2,4.39,54.12,56.52,69.23,15.38,7.69,1,2,1,1,0,10.59,0.261,1.2,80,20,1,0,20,40,40,0.2,0.143
31,Sillas,Anthony,11,3,2,43,183,2,0,0,0,0,0,4,2,2,4,14,4,1,1.273,0.727,8,0,0,0,4,100,1,0.105,16.6,4.256,34.88,10,7,6,3,1.794,60.66,48.84,85.71,0,9.52,0.364,9,2,1,1,18.58,0.326,3.5,62.5,37.5,0.583,0,16.67,45.83,37.5,0.167,0
32,Hudson,,4,1,1,16,69,1,0,0,0,0,0,1,0,0,3,3,1,0,0,1,4,0,0,0,1,100,0,0.077,17.3,4.313,25,4,4,1,1,3.62,63.77,56.25,77.78,22.22,0,0.75,2,0,0,0,8.7,0.188,1,90,10,0.5,0,10,60,30,0.1,0
1,Bejerano,Xavier,0,0,0,0,0,0,0,0,0,0,0,0,0,0,0,0,0,0,0,0,0,0,0,0,0,0,0,0,0,0,0,0,0,0,0,0,0,0,0,0,0,0,0,0,0,0,0,0,0,0,0,0,0,0,0,0,0,0
2,Lee,Hayata,11,5,1,62,199,0,1,1,1,0,100,14,16,13,7,8,3,7,8.273,1.909,9,0,0,1,6,85.71,0,0.292,18.1,3.21,48.39,8,3,1,4,5.936,59.8,61.29,65.79,5.26,26.32,0.636,6,4,1,1,10.55,0.129,1.143,67.5,32.5,1,1,17.5,35,47.5,0.333,0.261
4,Hanasaki,Kai,10.2,6,0,40,169,1,0,1,2,1,50,6,2,0,1,17,5,1,0,0.656,13,0,0,0,1,100,1,0.158,15.8,4.225,35,6,5,5,2,0.45,63.31,57.5,82.61,0,13.04,0.094,8,0,0,0,12.43,0.425,17,80.95,19.05,1.8,0,14.29,28.57,57.14,0.286,0
5,Taylor III,James,0.1,1,0,6,31,0,0,0,0,0,0,1,3,3,4,0,0,0,63,15,0,0,0,0,0,0,0,0.5,93,5.167,16.67,0,0,0,0,34.28,35.48,16.67,0,100,0,12,0,2,1,1,9.68,0,0,50,50,0,0,50,50,0,0.5,1
6,Loureiro,Parker,2,2,0,13,51,0,0,0,0,0,0,2,3,3,3,2,2,2,10.5,2.5,4,0,0,0,1,100,1,0.25,25.5,3.923,38.46,0,0,0,0,7.645,43.14,38.46,60,0,20,1.5,1,1,1,1,5.88,0.154,0.667,100,0,0,0,0,83.33,16.67,0.333,0
7,Cord,Everett,0,0,0,0,0,0,0,0,0,0,0,0,0,0,0,0,0,0,0,0,0,0,0,0,0,0,0,0,0,0,0,0,0,0,0,0,0,0,0,0,0,0,0,0,0,0,0,0,0,0,0,0,0,0,0,0,0,0
8,Stoner,Jimmy,0,0,0,0,0,0,0,0,0,0,0,0,0,0,0,0,0,0,0,0,0,0,0,0,0,0,0,0,0,0,0,0,0,0,0,0,0,0,0,0,0,0,0,0,0,0,0,0,0,0,0,0,0,0,0,0,0,0
9,Brown,Catch,0,0,0,0,0,0,0,0,0,0,0,0,0,0,0,0,0,0,0,0,0,0,0,0,0,0,0,0,0,0,0,0,0,0,0,0,0,0,0,0,0,0,0,0,0,0,0,0,0,0,0,0,0,0,0,0,0,0
10,Stidham,Sawyer,0,0,0,0,0,0,0,0,0,0,0,0,0,0,0,0,0,0,0,0,0,0,0,0,0,0,0,0,0,0,0,0,0,0,0,0,0,0,0,0,0,0,0,0,0,0,0,0,0,0,0,0,0,0,0,0,0,0
11,Phipps,Ty,6.2,6,0,37,124,0,0,0,0,0,0,9,9,7,6,5,1,1,7.35,2.25,8,0,0,0,0,0,1,0.31,18.6,3.351,51.35,2,2,1,3,5.909,54.84,51.35,73.68,5.26,21.05,0.9,5,4,2,1,8.87,0.135,0.833,72,28,1.6,1,20,28,52,0.333,0.273
12,Oliphant,Mason,1,1,0,6,28,0,0,0,0,0,0,2,0,0,1,0,0,0,0,3,3,0,0,0,0,0,0,0.4,28,4.667,33.33,1,0,0,0,5.79,53.57,33.33,50,0,50,1,0,0,0,0,3.57,0,0,60,40,0,0,20,60,20,0.4,0.5
13,Lopez,Christopher,0,0,0,0,0,0,0,0,0,0,0,0,0,0,0,0,0,0,0,0,0,0,0,0,0,0,0,0,0,0,0,0,0,0,0,0,0,0,0,0,0,0,0,0,0,0,0,0,0,0,0,0,0,0,0,0,0,0
14,Morris,Bradley,2,2,0,9,32,0,0,0,0,0,0,5,3,3,0,0,0,0,10.5,2.5,3,0,0,0,0,0,0,0.556,16,3.556,44.44,0,0,0,0,3.2,75,77.78,42.86,0,57.14,0,0,0,0,0,0,0,0,88.89,11.11,3,0,11.11,22.22,66.67,0.556,0.5
16,Birkhimer,Michael,22,5,5,116,398,1,2,0,0,0,0,28,18,12,12,12,4,11,3.818,1.818,22,0,0,3,10,76.92,1,0.301,18.1,3.431,44.83,15,8,3,8,5.717,58.29,54.31,58.73,6.35,28.57,0.545,15,1,2,0,8.54,0.103,1,72.84,27.16,0.353,2,17.28,44.44,38.27,0.329,0.343
17,Sanford,Bowen,0.2,1,0,2,7,0,0,0,0,0,0,0,0,0,0,0,0,0,0,0,2,0,0,0,0,0,0,0,10.5,3.5,50,0,0,0,0,3.2,71.43,50,100,0,0,0,0,0,0,0,14.29,0,0,50,50,0,0,50,50,0,0,0
18,O'Hair,Dylan,0,0,0,0,0,0,0,0,0,0,0,0,0,0,0,0,0,0,0,0,0,0,0,0,0,0,0,0,0,0,0,0,0,0,0,0,0,0,0,0,0,0,0,0,0,0,0,0,0,0,0,0,0,0,0,0,0,0
19,Johnson,Alexander,2,3,0,8,25,1,1,1,2,1,50,2,1,0,1,2,0,0,0,1.5,0,0,0,0,0,0,1,0.286,12.5,3.125,62.5,2,1,1,2,2.465,60,50,75,0,25,0.5,1,0,0,0,12,0.25,2,60,40,2,0,20,20,60,0.4,0.5
20,Rivas,Nic,16,4,3,79,295,2,1,0,0,0,0,20,11,8,13,8,1,1,3.5,2.063,20,0,1,1,12,92.31,4,0.313,18.4,3.734,35.44,9,6,1,3,4.451,55.93,45.57,66.67,5.56,25,0.813,5,2,5,1,10.51,0.101,0.615,61.4,38.6,1.143,0,22.81,26.32,50,0.351,0.3
21,Ypina,Issac,0,0,0,0,0,0,0,0,0,0,0,0,0,0,0,0,0,0,0,0,0,0,0,0,0,0,0,0,0,0,0,0,0,0,0,0,0,0,0,0,0,0,0,0,0,0,0,0,0,0,0,0,0,0,0,0,0,0
22,Johnstone,Elliot,8.1,3,3,50,198,0,0,0,0,0,0,16,12,11,9,6,2,1,9.24,3,10,0,1,0,11,100,0,0.4,23.8,3.96,38,6,4,2,2,6.056,53.03,50,48,12,40,1.08,4,5,2,2,4.04,0.12,0.667,67.65,32.35,0.308,1,23.53,44.12,32.35,0.455,0.353
23,,Morgan,8.1,2,2,42,181,0,1,0,0,0,0,12,8,4,4,5,2,2,3.36,1.92,9,0,0,1,3,75,1,0.343,21.7,4.31,35.71,4,2,1,2,3.847,64.09,66.67,60.71,0,32.14,0.48,5,1,3,1,11.05,0.119,1.25,61.29,38.71,0.667,0,22.58,38.71,38.71,0.387,0.167
24,Correa,Alec,0.1,1,0,2,11,0,0,0,0,0,0,0,0,0,1,0,0,0,0,3,0,0,0,0,0,0,0,0,33,5.5,0,0,0,0,0,10.97,36.36,50,0,100,0,3,0,0,0,0,0,0,0,100,0,0,0,0,100,0,0,0
25,O'Connell III,Brian,0.2,1,0,4,13,0,0,0,0,0,0,2,0,0,0,1,0,0,0,3,2,0,0,0,0,0,0,0.667,19.5,3.25,50,0,0,0,0,0.155,76.92,75,66.67,0,33.33,0,1,0,0,0,23.08,0.25,0,66.67,33.33,0,0,33.33,66.67,0,0.667,0.5
1,Gebhardt,Binyam,9.1,4,2,43,168,1,1,0,0,0,0,11,6,3,6,11,3,1,2.25,1.821,9,0,0,2,2,50,0,0.314,18,3.907,32.56,5,3,0,2,2.75,57.74,60.47,65.38,7.69,23.08,0.643,5,2,2,1,13.1,0.256,1.833,68,32,1.167,0,20,32,48,0.44,0.286
2,Carranza,Jose,0,0,0,0,0,0,0,0,0,0,0,0,0,0,0,0,0,0,0,0,0,0,0,0,0,0,0,0,0,0,0,0,0,0,0,0,0,0,0,0,0,0,0,0,0,0,0,0,0,0,0,0,0,0,0,0,0,0
3,Harmond,Caleb,0,0,0,0,0,0,0,0,0,0,0,0,0,0,0,0,0,0,0,0,0,0,0,0,0,0,0,0,0,0,0,0,0,0,0,0,0,0,0,0,0,0,0,0,0,0,0,0,0,0,0,0,0,0,0,0,0,0
4,Powers,Owen,5.2,3,1,24,83,1,0,0,0,0,0,7,3,3,1,4,1,0,3.706,1.412,6,0,0,1,1,50,1,0.304,14.6,3.458,58.33,4,3,2,2,2.224,61.45,58.33,64.29,7.14,28.57,0.176,4,0,0,0,9.64,0.167,4,68.42,31.58,0.5,0,21.05,47.37,31.58,0.368,0.25
5,Batanian,Jarret,2.1,2,0,9,46,0,0,0,0,0,0,1,0,0,1,5,0,0,0,0.857,2,0,0,0,0,0,0,0.125,19.7,5.111,22.22,1,1,0,0,-0.04,58.7,22.22,50,0,50,0.429,2,0,0,0,26.09,0.556,5,66.67,33.33,0,0,33.33,66.67,0,0.333,0
6,Dicarlo,Sam,14.1,4,4,67,265,2,0,0,0,0,0,10,9,6,11,19,7,1,2.93,1.465,14,0,1,0,5,100,2,0.182,18.5,3.955,41.79,7,5,3,4,2.677,56.6,49.25,78.79,6.06,15.15,0.767,9,4,4,3,10.94,0.284,1.727,69.44,30.56,0.909,0,13.89,30.56,54.29,0.278,0.1
7,Hadley,Breckin,0,0,0,0,0,0,0,0,0,0,0,0,0,0,0,0,0,0,0,0,0,0,0,0,0,0,0,0,0,0,0,0,0,0,0,0,0,0,0,0,0,0,0,0,0,0,0,0,0,0,0,0,0,0,0,0,0,0
8,Polanco,Erik,0,0,0,0,0,0,0,0,0,0,0,0,0,0,0,0,0,0,0,0,0,0,0,0,0,0,0,0,0,0,0,0,0,0,0,0,0,0,0,0,0,0,0,0,0,0,0,0,0,0,0,0,0,0,0,0,0,0
9,Stillwell,Caden,27.2,7,2,119,429,2,0,1,1,0,100,21,12,10,12,22,7,6,2.53,1.193,25,0,1,3,10,76.92,5,0.212,15.5,3.605,46.22,20,9,6,11,3.271,58.28,66.39,70.89,7.59,17.72,0.434,16,1,3,0,8.86,0.185,1.833,77.22,22.78,0.417,0,18.99,45.57,35.44,0.266,0.214
10,Asfar,Leo,0,1,0,0,0,0,0,0,0,0,0,0,0,0,0,0,0,0,0,0,0,0,0,0,0,0,0,0,0,0,0,0,0,0,0,0,0,0,0,0,0,0,0,0,0,0,0,0,0,0,0,0,0,0,0,0,0,0
12,Turner,Kyle,0,2,0,0,5,0,0,0,0,0,0,0,0,0,0,0,0,0,0,0,0,0,0,0,0,0,0,0,0,0,0,0,0,0,0,0,40,0,0,0,0,0,0,0,0,0,0,0,0,0,0,0,0,0,0,0,0,0
13,Gillaspy,Seth,10,6,1,43,184,2,0,0,0,0,0,9,3,1,6,11,5,2,0.7,1.5,7,0,5,0,2,100,0,0.257,18.4,4.279,27.91,9,6,1,3,3.039,55.43,46.51,75,0,20,0.6,6,1,0,0,9.78,0.256,1.833,58.33,41.67,0.444,0,20.83,37.5,41.67,0.375,0
14,Pickowitz,Jaden,1,1,0,6,25,0,0,0,0,0,0,2,3,3,1,0,0,0,21,3,0,0,0,0,1,100,0,0.4,25,4.167,66.67,1,0,0,0,15.87,56,50,66.67,0,33.33,1,0,1,0,0,4,0,0,60,40,2,1,20,40,40,0.25,1
15,Robertson,Chase,0,0,0,0,0,0,0,0,0,0,0,0,0,0,0,0,0,0,0,0,0,0,0,0,0,0,0,0,0,0,0,0,0,0,0,0,0,0,0,0,0,0,0,0,0,0,0,0,0,0,0,0,0,0,0,0,0,0
16,Jiminez,Joseph,0,0,0,0,0,0,0,0,0,0,0,0,0,0,0,0,0,0,0,0,0,0,0,0,0,0,0,0,0,0,0,0,0,0,0,0,0,0,0,0,0,0,0,0,0,0,0,0,0,0,0,0,0,0,0,0,0,0
17,Hernandez,Abraham,0,0,0,0,0,0,0,0,0,0,0,0,0,0,0,0,0,0,0,0,0,0,0,0,0,0,0,0,0,0,0,0,0,0,0,0,0,0,0,0,0,0,0,0,0,0,0,0,0,0,0,0,0,0,0,0,0,0
18,Griffin,Drew,1,1,0,4,17,0,0,0,0,0,0,1,0,0,1,2,0,0,0,2,1,0,0,1,2,66.67,1,0.333,17,4.25,50,0,0,0,0,1.73,52.94,50,100,0,0,1,0,0,1,0,17.65,0.5,2,0,100,0,0,100,0,0,1,0
20,Tarling,Cameron,0,0,0,0,0,0,0,0,0,0,0,0,0,0,0,0,0,0,0,0,0,0,0,0,0,0,0,0,0,0,0,0,0,0,0,0,0,0,0,0,0,0,0,0,0,0,0,0,0,0,0,0,0,0,0,0,0,0
21,Young,Johnny,18.1,8,2,82,319,1,1,0,0,0,0,13,5,5,11,26,8,4,1.909,1.309,23,0,0,0,5,100,0,0.197,17.4,3.89,40.24,10,5,4,6,2.44,62.7,67.07,74.55,3.64,18.18,0.6,9,2,3,0,11.29,0.317,2.364,75.61,24.39,0.857,0,17.07,36.59,46.34,0.317,0.233
22,Garcia,Cristian,5,3,1,22,76,1,0,0,0,0,0,2,0,0,4,6,2,1,0,1.2,5,0,0,0,2,100,2,0.118,15.2,3.455,45.45,4,3,3,3,3.354,57.89,31.82,71.43,0,14.29,0.8,3,0,1,0,10.53,0.273,1.5,90.91,9.09,3.5,0,0,18.18,81.82,0.182,0.2
23,Max,Robinson,1.1,1,0,4,15,0,0,0,0,0,0,0,0,0,0,2,1,0,0,0,1,0,0,0,0,0,0,0,11.3,3.75,50,1,1,0,0,0.155,60,25,100,0,0,0,0,0,0,0,6.67,0.5,0,100,0,1,0,0,50,50,0,0
24,Turner,Braden,20,4,4,79,268,4,0,0,0,0,0,19,6,5,2,25,10,1,1.75,1.05,13,0,1,1,2,66.67,0,0.25,13.4,3.392,51.9,14,12,7,13,1.051,72.39,70.89,75,1.79,23.21,0.1,19,1,0,0,18.28,0.316,12.5,68.63,31.37,1.333,0,23.53,19.61,56,0.373,0.333
25,Benner,Cody,0,0,0,0,0,0,0,0,0,0,0,0,0,0,0,0,0,0,0,0,0,0,0,0,0,0,0,0,0,0,0,0,0,0,0,0,0,0,0,0,0,0,0,0,0,0,0,0,0,0,0,0,0,0,0,0,0,0
1,Aldaz,Nathan,0,0,0,0,0,0,0,0,0,0,0,0,0,0,0,0,0,0,0,0,0,0,0,0,0,0,0,0,0,0,0,0,0,0,0,0,0,0,0,0,0,0,0,0,0,0,0,0,0,0,0,0,0,0,0,0,0,0
2,Juarez,Aaron,14,3,3,60,199,2,1,0,0,0,0,12,5,2,4,10,5,2,1,1.143,11,0,0,2,1,33.33,0,0.226,14.2,3.317,51.67,10,5,4,8,2.86,66.33,68.33,65.85,7.32,17.07,0.286,10,2,0,0,10.05,0.167,2.5,70.45,29.55,1.455,0,11.36,36.36,51.16,0.279,0.083
4,Glasscock,Alex,0,0,0,0,0,0,0,0,0,0,0,0,0,0,0,0,0,0,0,0,0,0,0,0,0,0,0,0,0,0,0,0,0,0,0,0,0,0,0,0,0,0,0,0,0,0,0,0,0,0,0,0,0,0,0,0,0,0
5,Martinez,Danny,0,0,0,0,0,0,0,0,0,0,0,0,0,0,0,0,0,0,0,0,0,0,0,0,0,0,0,0,0,0,0,0,0,0,0,0,0,0,0,0,0,0,0,0,0,0,0,0,0,0,0,0,0,0,0,0,0,0
6,Utzman,Hyatt,1,1,1,6,20,0,1,0,0,0,0,4,2,2,0,0,0,0,14,4,1,0,0,0,0,0,0,0.667,20,3.333,50,0,0,0,0,3.2,70,66.67,50,0,50,0,1,0,0,0,0,0,0,83.33,16.67,0,0,16.67,16.67,66.67,0.667,0.5
8,Diamond,Jaxon,2.2,2,0,14,51,0,0,0,0,0,0,4,3,1,2,3,1,1,2.625,2.25,2,0,0,0,0,0,2,0.364,19.1,3.643,28.57,1,1,1,1,3.83,56.86,64.29,66.67,0,33.33,0.75,1,1,0,0,7.84,0.214,1.5,50,50,2,0,37.5,12.5,50,0.5,0.5
9,Savage,Cole,0,0,0,0,0,0,0,0,0,0,0,0,0,0,0,0,0,0,0,0,0,0,0,0,0,0,0,0,0,0,0,0,0,0,0,0,0,0,0,0,0,0,0,0,0,0,0,0,0,0,0,0,0,0,0,0,0,0
10,Breen,Jordan,0,0,0,0,0,0,0,0,0,0,0,0,0,0,0,0,0,0,0,0,0,0,0,0,0,0,0,0,0,0,0,0,0,0,0,0,0,0,0,0,0,0,0,0,0,0,0,0,0,0,0,0,0,0,0,0,0,0
11,Binkley,Griffin,1,1,0,3,15,0,0,0,0,0,0,0,0,0,0,1,1,0,0,0,0,0,0,0,0,0,0,0,15,5,33.33,1,1,1,0,1.17,73.33,33.33,100,0,0,0,1,0,0,0,6.67,0.333,0,50,50,1,0,0,50,50,0,0
14,Cheripka,Andrew,13.2,5,1,58,222,2,0,0,0,0,0,12,6,4,8,12,7,2,2.049,1.463,13,0,0,2,2,50,1,0.25,16.2,3.828,43.1,5,2,1,4,3.313,58.11,56.9,57.58,9.09,27.27,0.585,7,2,2,1,11.26,0.207,1.5,80.56,19.44,0.615,0,5.56,44.44,50,0.333,0.133
17,Angulo,Cristian,0,0,0,0,0,0,0,0,0,0,0,0,0,0,0,0,0,0,0,0,0,0,0,0,0,0,0,0,0,0,0,0,0,0,0,0,0,0,0,0,0,0,0,0,0,0,0,0,0,0,0,0,0,0,0,0,0,0
19,Hopkins,Ethan,3.2,1,1,17,65,0,0,0,0,0,0,4,1,1,2,0,0,0,1.909,1.636,4,0,0,0,1,100,0,0.267,17.7,3.824,47.06,3,0,0,1,4.613,56.92,70.59,66.67,8.33,25,0.545,3,1,0,0,3.08,0,0,80,20,0.125,0,6.67,53.33,40,0.267,0
20,Galtman,Sam,1.2,3,0,17,76,0,1,0,0,0,0,0,9,7,12,2,1,0,29.4,7.2,0,0,0,0,1,100,12,0,45.6,4.471,11.76,1,1,0,0,19.41,25,35.29,50,50,0,7.2,0,8,2,1,1.32,0.118,0.167,100,0,0,0,0,0,100,0,0
22,Robles,Roman,0,0,0,0,0,0,0,0,0,0,0,0,0,0,0,0,0,0,0,0,0,0,0,0,0,0,0,0,0,0,0,0,0,0,0,0,0,0,0,0,0,0,0,0,0,0,0,0,0,0,0,0,0,0,0,0,0,0
25,Samuel,Dean,0,0,0,0,0,0,0,0,0,0,0,0,0,0,0,0,0,0,0,0,0,0,0,0,0,0,0,0,0,0,0,0,0,0,0,0,0,0,0,0,0,0,0,0,0,0,0,0,0,0,0,0,0,0,0,0,0,0
26,Catalan,Mario,0,0,0,0,0,0,0,0,0,0,0,0,0,0,0,0,0,0,0,0,0,0,0,0,0,0,0,0,0,0,0,0,0,0,0,0,0,0,0,0,0,0,0,0,0,0,0,0,0,0,0,0,0,0,0,0,0,0
37,Franchione,Wyatt,8,2,2,40,138,0,1,0,0,0,0,8,7,3,6,3,2,0,2.625,1.75,7,0,0,0,1,100,1,0.235,17.3,3.45,50,6,2,2,3,4.381,62.32,67.5,74.07,3.7,18.52,0.75,4,2,0,0,11.59,0.075,0.5,71.88,28.13,0.308,0,18.75,37.5,40,0.258,0.267
38,Matise,Jake,6,3,1,22,82,0,0,0,0,0,0,3,2,0,1,4,2,1,0,0.667,2,0,1,1,1,50,0,0.158,13.7,3.727,40.91,4,3,1,3,2.71,58.54,54.55,66.67,0,16.67,0.167,5,0,0,0,8.54,0.182,4,81.25,18.75,0.222,0,18.75,56.25,25,0.188,0
39,Holling,Sam,0,0,0,0,0,0,0,0,0,0,0,0,0,0,0,0,0,0,0,0,0,0,0,0,0,0,0,0,0,0,0,0,0,0,0,0,0,0,0,0,0,0,0,0,0,0,0,0,0,0,0,0,0,0,0,0,0,0
42,Swant,Jacob,1,1,0,3,8,0,0,0,0,0,0,0,0,0,0,1,1,0,0,0,0,0,0,0,0,0,0,0,8,2.667,66.67,1,1,1,1,1.17,75,66.67,100,0,0,0,1,0,0,0,12.5,0.333,0,100,0,0,0,0,50,0,0,0
43,Anaya,Jesse,9.2,4,1,47,164,1,1,0,0,0,0,6,6,3,6,8,3,5,2.172,1.241,9,1,1,1,8,88.89,5,0.167,17,3.489,46.81,5,3,3,4,4.467,57.93,53.19,76,8,16,0.621,5,2,3,2,10.37,0.17,1.333,85.71,14.29,0.778,0,14.29,35.71,50,0.214,0.105
44,Saucedo,Enrique,0,0,0,0,0,0,0,0,0,0,0,0,0,0,0,0,0,0,0,0,0,0,0,0,0,0,0,0,0,0,0,0,0,0,0,0,0,0,0,0,0,0,0,0,0,0,0,0,0,0,0,0,0,0,0,0,0,0
1,Licari,Joseph,0,0,0,0,0,0,0,0,0,0,0,0,0,0,0,0,0,0,0,0,0,0,0,0,0,0,0,0,0,0,0,0,0,0,0,0,0,0,0,0,0,0,0,0,0,0,0,0,0,0,0,0,0,0,0,0,0,0
2,Salgado,Caleb,0,0,0,0,0,0,0,0,0,0,0,0,0,0,0,0,0,0,0,0,0,0,0,0,0,0,0,0,0,0,0,0,0,0,0,0,0,0,0,0,0,0,0,0,0,0,0,0,0,0,0,0,0,0,0,0,0,0
3,Guzman,Joseph,0,0,0,0,0,0,0,0,0,0,0,0,0,0,0,0,0,0,0,0,0,0,0,0,0,0,0,0,0,0,0,0,0,0,0,0,0,0,0,0,0,0,0,0,0,0,0,0,0,0,0,0,0,0,0,0,0,0
4,Leon,Ruben,5.2,3,1,32,129,0,1,0,0,0,0,7,9,6,5,6,2,3,7.412,2.118,3,0,0,1,3,75,1,0.292,22.8,4.031,34.38,5,3,3,2,4.707,55.04,53.13,52.94,11.76,23.53,0.882,3,2,0,0,13.95,0.188,1.2,72.22,27.78,1.25,0,16.67,38.89,44.44,0.389,0.455
5,Schmidthuber,Trine,0,0,0,0,0,0,0,0,0,0,0,0,0,0,0,0,0,0,0,0,0,0,0,0,0,0,0,0,0,0,0,0,0,0,0,0,0,0,0,0,0,0,0,0,0,0,0,0,0,0,0,0,0,0,0,0,0,0
6,Real,Elijah,0,0,0,0,0,0,0,0,0,0,0,0,0,0,0,0,0,0,0,0,0,0,0,0,0,0,0,0,0,0,0,0,0,0,0,0,0,0,0,0,0,0,0,0,0,0,0,0,0,0,0,0,0,0,0,0,0,0
7,Schacher,Trent,1,1,0,9,35,0,0,0,0,0,0,2,4,4,3,0,0,1,28,5,2,0,0,0,0,0,1,0.4,35,3.889,33.33,0,0,0,0,13.56,51.43,44.44,50,25,25,3,0,2,1,1,2.86,0,0,60,40,0,0,40,40,20,0.4,0.4
8,Nelson,Blake,2,1,1,14,53,0,1,0,0,0,0,2,4,3,1,1,0,4,10.5,1.5,3,0,0,1,1,50,2,0.222,26.5,3.786,35.71,1,0,0,0,13.7,43.4,35.71,80,0,20,0.5,1,1,0,0,5.66,0.071,1,75,25,0.333,1,12.5,50,37.5,0.143,0.25
9,Andrachick,Austyn,0,0,0,0,0,0,0,0,0,0,0,0,0,0,0,0,0,0,0,0,0,0,0,0,0,0,0,0,0,0,0,0,0,0,0,0,0,0,0,0,0,0,0,0,0,0,0,0,0,0,0,0,0,0,0,0,0,0
10,Weckerle,Lucas,6.2,3,1,38,159,0,1,0,0,0,0,9,14,13,8,7,4,2,13.65,2.55,2,0,1,1,4,80,4,0.346,23.8,4.184,42.11,4,3,2,2,4.954,54.09,50,52.63,15.79,21.05,1.2,5,7,2,2,11.95,0.184,0.875,57.14,42.86,1.5,0,23.81,28.57,45,0.45,0.556
11,Felikian,Kirk,0,0,0,0,0,0,0,0,0,0,0,0,0,0,0,0,0,0,0,0,0,0,0,0,0,0,0,0,0,0,0,0,0,0,0,0,0,0,0,0,0,0,0,0,0,0,0,0,0,0,0,0,0,0,0,0,0,0
12,Orozco,David,0,0,0,0,0,0,0,0,0,0,0,0,0,0,0,0,0,0,0,0,0,0,0,0,0,0,0,0,0,0,0,0,0,0,0,0,0,0,0,0,0,0,0,0,0,0,0,0,0,0,0,0,0,0,0,0,0,0
13,Manaugh,Isaac,13.1,4,3,80,316,1,1,0,0,0,0,15,15,7,17,13,4,5,3.675,2.4,22,0,1,1,10,90.91,0,0.268,23.7,3.95,37.5,8,4,1,0,5.494,53.8,55,52.27,6.82,34.09,1.275,6,2,1,0,10.76,0.163,0.765,73.33,26.67,0.692,0,20,35.56,44.44,0.333,0.2
14,Vargas,Isaac,0,0,0,0,0,0,0,0,0,0,0,0,0,0,0,0,0,0,0,0,0,0,0,0,0,0,0,0,0,0,0,0,0,0,0,0,0,0,0,0,0,0,0,0,0,0,0,0,0,0,0,0,0,0,0,0,0,0
15,Jitsukawa,Tomoki,15.2,3,2,71,264,0,2,0,0,0,0,16,7,6,4,20,3,3,2.681,1.277,17,0,0,0,4,100,0,0.254,16.9,3.718,43.66,9,1,0,2,1.766,67.05,69.01,71.43,6.12,16.33,0.255,11,0,1,0,15.15,0.282,5,77.27,22.73,1,0,18.18,31.82,48.84,0.364,0.217
16,Shin,Seungmin,0,0,0,0,0,0,0,0,0,0,0,0,0,0,0,0,0,0,0,0,0,0,0,0,0,0,0,0,0,0,0,0,0,0,0,0,0,0,0,0,0,0,0,0,0,0,0,0,0,0,0,0,0,0,0,0,0,0
17,Amine,Cade,0,0,0,0,0,0,0,0,0,0,0,0,0,0,0,0,0,0,0,0,0,0,0,0,0,0,0,0,0,0,0,0,0,0,0,0,0,0,0,0,0,0,0,0,0,0,0,0,0,0,0,0,0,0,0,0,0,0
19,Ewert,Sawyer,0,0,0,0,0,0,0,0,0,0,0,0,0,0,0,0,0,0,0,0,0,0,0,0,0,0,0,0,0,0,0,0,0,0,0,0,0,0,0,0,0,0,0,0,0,0,0,0,0,0,0,0,0,0,0,0,0,0
20,Mauter,Devin,9.1,3,2,45,163,1,1,0,0,0,0,6,5,5,12,3,0,0,3.75,1.929,12,0,0,0,2,100,3,0.188,17.5,3.622,44.44,5,3,3,5,5.877,49.08,44.44,55,25,20,1.286,4,4,3,2,6.75,0.067,0.25,90,10,0.769,0,3.33,50,46.67,0.2,0.214
21,Brown,Jeremy,7,2,2,30,124,1,0,0,0,0,0,6,4,3,3,6,1,0,3,1.286,5,0,0,0,6,100,0,0.222,17.7,4.133,36.67,4,3,2,4,2.57,60.48,50,80,6.67,13.33,0.429,4,1,1,0,12.1,0.2,2,71.43,28.57,0.2,0,4.76,57.14,38.1,0.286,0.375
23,Burton,Marcus,4,2,0,19,64,0,0,0,0,0,0,5,3,3,2,2,0,0,5.25,1.75,4,0,0,0,1,100,0,0.313,16,3.368,57.89,2,0,0,1,6,67.19,63.16,58.33,16.67,25,0.5,2,0,0,0,3.13,0.105,1,80,20,0.75,1,6.67,33.33,60,0.286,0.2
25,Reese,Colten,2.1,3,0,18,76,0,1,0,0,0,0,6,9,8,4,2,1,2,24,4.286,2,0,0,0,3,100,2,0.5,32.6,4.222,33.33,1,1,0,0,16.76,46.05,50,44.44,11.11,22.22,1.714,1,3,1,1,9.21,0.111,0.5,70,30,0,2,10,20,70,0.5,0.667
28,Cowan,Augie,8.1,6,0,41,166,0,0,0,0,0,0,9,7,5,3,3,0,1,4.2,1.44,8,0,0,0,7,100,1,0.257,19.9,4.049,29.27,5,4,1,1,3.712,57.83,51.22,80.95,0,19.05,0.36,6,2,0,0,9.64,0.073,1,76.47,23.53,0.667,0,8.82,38.24,52.94,0.265,0.333