,No,Name,Team,G,PA_x,AB_x,R_x,H_x,1B_x,2B_x,3B_x,HR_x,RBI_x,HBP_x,BB_x,SO_x,SacB,SacF,SB_x,CS_x,AVG_x,OBP_x,SLG_x,OPS_x,Number,GP,K-L,SAC,SF,ROE,FC,SB%,PIK,QAB,QAB%,PA/BB,BB/K,C%,HHB,LD%,FB%,GB%,BABIP,BA/RISP,LOB,2OUTRBI,XBH,TB,PS,PS/PA,2S+3,2S+3%,6+,6+%,AB/HR,GIDP,GITP,CI
0,20,Abel Martinez,Chill,9,19,15,2,1,1,0,0,0,1,0,3,7,0,1,0,0,0.067,0.211,0.067,0.277,20,6,1,0,0,0,0,0.0,0,3,23.08,6.5,0.5,63.64,1,14.29,42.86,42.86,0.143,0.333,7,0,0,1,53,4.077,1,7.69,2,15.38,0.0,0,0,0
1,17,Abraham Hernandez,LumberJacks,14,32,24,3,4,4,0,0,0,2,1,6,3,0,1,0,0,0.167,0.344,0.167,0.51,17,11,1,0,1,2,0,0.0,0,10,38.46,6.5,2.0,90.0,4,10.53,57.89,31.58,0.158,0.1,14,0,0,3,93,3.577,3,11.54,4,15.38,0.0,0,0,0
2,6,Adam Moser,A's,16,35,26,10,5,2,1,1,1,7,2,7,2,0,0,6,2,0.192,0.4,0.423,0.823,6,12,0,0,0,2,1,71.43,0,12,54.55,5.5,4.0,93.75,5,13.33,33.33,53.33,0.286,0.375,13,0,2,9,85,3.864,2,9.09,5,22.73,16.0,0,0,0
3,1,Aidan Arriaga,Blue Sox,16,40,31,6,9,9,0,0,0,6,0,9,2,0,0,2,1,0.29,0.45,0.29,0.74,1,12,1,0,0,0,0,0.0,1,13,44.83,4.8,6.0,95.65,5,13.64,31.82,54.55,0.318,0.333,10,0,0,7,99,3.414,2,6.9,3,10.34,0.0,0,0,0
4,35,Aidan Kelly,Blue Sox,13,31,27,9,7,6,1,0,0,1,2,2,7,0,0,0,0,0.259,0.355,0.296,0.651,35,8,1,0,0,0,1,0.0,0,8,42.11,19.0,0.2,70.59,3,8.33,41.67,50.0,0.333,0.0,10,0,0,4,65,3.421,4,21.05,2,10.53,0.0,0,0,0
5,6,Aidan Salazar,Bootleggers,10,23,22,4,7,6,1,0,0,2,0,1,11,0,0,0,0,0.318,0.348,0.364,0.711,6,7,2,0,0,0,0,0.0,0,5,31.25,0.0,0.0,50.0,3,37.5,50.0,12.5,0.625,0.25,7,0,0,5,52,3.25,2,12.5,1,6.25,0.0,0,0,0
6,6,Aiden Morton,Blue Sox,18,47,31,10,8,6,2,0,0,4,7,8,8,0,1,3,0,0.258,0.489,0.323,0.812,6,14,2,0,1,2,1,100.0,0,18,58.06,6.2,0.714,65.0,4,28.57,57.14,14.29,0.286,0.111,14,1,1,5,139,4.484,7,22.58,9,29.03,0.0,0,0,0
7,24,Alec Correa,Green Dragons,16,30,23,2,2,2,0,0,0,4,0,7,15,0,0,1,1,0.087,0.3,0.087,0.387,24,11,4,0,0,0,1,100.0,0,12,54.55,7.3,0.273,42.11,1,12.5,75.0,12.5,0.25,0.167,17,1,0,2,108,4.909,6,27.27,10,45.45,0.0,0,0,0
8,4,Alex Glasscock,NorthStars,16,44,35,7,6,3,3,0,0,6,1,6,14,0,2,1,1,0.171,0.295,0.257,0.553,4,8,1,0,0,1,0,0.0,1,8,44.44,3.6,0.833,53.85,1,14.29,28.57,57.14,0.286,0.0,7,0,1,3,82,4.556,4,22.22,6,33.33,0.0,0,0,0
9,14,Alex Chacon,Bootleggers,15,40,32,10,9,6,3,0,0,7,4,4,6,0,0,0,0,0.281,0.425,0.375,0.8,14,11,1,0,0,1,1,0.0,0,18,64.29,7.0,1.333,86.36,6,26.32,47.37,26.32,0.421,0.5,6,2,3,11,118,4.214,5,17.86,9,32.14,0.0,0,0,0
10,5,Alex Hagan,A's,17,36,30,8,8,7,0,1,0,3,0,5,5,0,1,1,2,0.267,0.361,0.333,0.694,5,13,0,0,1,2,2,50.0,0,13,52.0,6.3,1.333,85.0,5,16.67,16.67,66.67,0.278,0.125,15,0,0,5,86,3.44,2,8.0,4,16.0,0.0,1,0,0
11,19,Alexander Johnson,Green Dragons,17,43,35,12,15,12,2,1,0,9,3,4,8,0,1,10,0,0.429,0.512,0.543,1.054,19,11,0,0,1,1,1,100.0,2,18,64.29,14.0,0.4,78.26,9,31.58,26.32,42.11,0.632,0.333,5,2,3,16,116,4.143,5,17.86,5,17.86,0.0,0,0,0
12,2,Alexander Weston,A's,14,32,22,2,2,2,0,0,0,4,3,7,9,0,0,0,0,0.091,0.375,0.091,0.466,2,8,2,0,0,1,1,0.0,0,9,50.0,4.5,0.667,50.0,2,16.67,16.67,66.67,0.167,0.091,17,0,0,1,75,4.167,5,27.78,3,16.67,0.0,0,0,0
13,23,Anthony Campos,Chill,13,31,24,5,5,2,3,0,0,1,1,5,7,0,1,1,1,0.208,0.355,0.333,0.688,23,9,1,0,1,2,1,0.0,0,7,30.43,11.5,0.4,75.0,1,6.25,43.75,50.0,0.25,0.0,12,0,1,5,82,3.565,2,8.7,3,13.04,0.0,2,0,0
14,28,Augie Cowan,Rush,9,23,19,3,1,1,0,0,0,1,2,2,7,0,0,1,1,0.053,0.217,0.053,0.27,28,5,2,0,0,2,0,50.0,0,3,23.08,6.5,0.4,50.0,0,0.0,80.0,20.0,0.2,0.25,5,0,0,1,43,3.308,1,7.69,2,15.38,0.0,0,0,0
15,10,Austin Almany,Bombers,14,31,27,6,6,5,1,0,0,4,1,3,10,0,0,4,0,0.222,0.323,0.259,0.582,10,11,3,0,0,0,0,100.0,0,9,33.33,9.0,0.3,56.52,3,15.38,38.46,46.15,0.308,0.1,11,0,1,5,114,4.222,4,14.81,4,14.81,0.0,0,0,0
16,8,Austin Lombardo,Chill,16,41,35,4,5,3,1,1,0,6,0,6,9,0,0,3,0,0.143,0.268,0.229,0.497,8,12,3,0,0,3,1,100.0,0,13,43.33,10.0,0.429,74.07,6,5.0,40.0,55.0,0.25,0.2,18,0,2,8,105,3.5,2,6.67,3,10.0,0.0,2,0,0
17,9,Austyn Andrachick,Rush,12,36,29,4,9,6,0,2,1,8,2,5,4,0,0,1,0,0.31,0.444,0.552,0.996,9,7,1,0,0,0,1,100.0,0,11,52.38,7.0,1.5,88.24,8,26.67,26.67,46.67,0.357,0.25,11,0,2,11,70,3.333,4,19.05,3,14.29,17.0,0,0,0
18,1,Binyam Gebhardt,LumberJacks,16,47,38,15,13,12,1,0,0,7,3,6,7,0,0,6,0,0.342,0.468,0.368,0.837,1,13,1,0,0,1,2,100.0,0,16,41.03,6.5,1.0,80.0,7,12.0,36.0,48.0,0.333,0.3,17,2,1,9,150,3.846,5,12.82,7,17.95,0.0,0,0,0
19,8,Blake Nelson,Rush,15,45,35,10,14,13,0,1,0,8,5,4,4,0,1,3,1,0.4,0.511,0.457,0.968,8,11,2,0,1,0,0,50.0,0,14,40.0,11.7,0.75,84.62,7,26.09,39.13,34.78,0.391,0.833,7,2,1,11,110,3.143,1,2.86,3,8.57,0.0,0,0,0
20,9,Bobby Cobine,Bootleggers,9,24,18,3,3,3,0,0,0,1,1,5,4,0,0,3,0,0.167,0.375,0.167,0.542,9,6,1,0,0,0,0,100.0,0,6,46.15,0.0,0.0,76.92,3,20.0,40.0,30.0,0.3,0.2,14,0,0,3,48,3.692,1,7.69,4,30.77,0.0,0,0,0
21,17,Bowen Sanford,Green Dragons,19,38,25,11,6,6,0,0,0,3,7,5,7,1,0,11,3,0.24,0.486,0.24,0.726,17,14,1,1,0,4,0,78.57,1,9,32.14,9.3,0.6,72.22,2,7.14,0.0,78.57,0.308,0.111,9,0,0,4,92,3.286,3,10.71,2,7.14,0.0,0,0,0
22,9,Brad Fallentine,Coyotes,15,42,35,4,10,6,4,0,0,8,1,6,5,0,0,3,0,0.286,0.405,0.4,0.805,9,11,0,0,0,0,3,100.0,0,17,54.84,5.2,2.0,87.5,7,19.05,33.33,47.62,0.333,0.25,16,0,2,9,109,3.516,4,12.9,5,16.13,0.0,0,0,0
23,24,Braden Turner,LumberJacks,1,1,1,0,0,0,0,0,0,0,0,0,0,0,0,0,0,0.0,0.0,0.0,0.0,24,1,0,0,0,0,0,0.0,0,2,66.67,0.0,0.0,100.0,2,66.67,0.0,33.33,0.667,0.0,2,0,1,3,3,1.0,0,0.0,0,0.0,0.0,1,0,0
24,9,Braden Winget,A's,18,51,43,11,21,15,5,0,1,17,1,4,6,0,3,3,0,0.488,0.51,0.674,1.184,9,12,1,0,3,0,0,100.0,0,17,51.52,16.5,0.4,81.48,8,24.0,60.0,16.0,0.36,0.364,14,0,2,11,112,3.394,2,6.06,4,12.12,0.0,1,0,0
25,14,Bradley Morris,Green Dragons,18,39,37,5,15,10,2,2,1,7,1,1,4,0,0,2,0,0.405,0.436,0.649,1.085,14,13,0,0,0,0,0,100.0,0,16,59.26,27.0,0.333,88.0,10,22.73,40.91,36.36,0.524,0.364,10,2,4,19,95,3.519,3,11.11,5,18.52,25.0,0,0,0
26,12,Brayden Ferguson,Bombers,13,28,25,3,4,3,1,0,0,2,0,3,6,0,0,2,1,0.16,0.25,0.2,0.45,12,10,4,0,0,2,0,66.67,0,7,31.82,11.0,0.4,75.0,2,6.67,80.0,13.33,0.2,0.111,19,0,0,3,85,3.864,5,22.73,5,22.73,0.0,0,0,0
27,7,Breckin Hadley,LumberJacks,17,39,30,5,9,7,2,0,0,9,3,6,9,0,0,1,0,0.3,0.462,0.367,0.828,7,14,3,0,0,0,2,0.0,0,11,36.67,7.5,0.444,60.87,3,7.14,42.86,50.0,0.357,0.417,14,0,2,7,107,3.567,4,13.33,4,13.33,0.0,0,0,0
28,25,Brian O'Connell III,Green Dragons,15,30,25,3,5,4,1,0,0,0,0,5,8,0,0,0,0,0.2,0.333,0.24,0.573,25,11,1,0,0,0,1,0.0,0,12,50.0,4.8,0.833,68.42,2,7.69,38.46,53.85,0.308,0.0,14,0,1,5,100,4.167,3,12.5,5,20.83,0.0,0,0,0
29,17,Cade Amine,Rush,15,37,28,5,11,11,0,0,0,2,1,8,4,0,0,2,0,0.393,0.541,0.393,0.933,17,10,0,0,0,2,0,100.0,0,16,66.67,4.0,6.0,94.12,7,25.0,18.75,56.25,0.438,0.429,6,0,0,7,98,4.083,4,16.67,8,33.33,0.0,1,0,0
30,9,Caden Stillwell,LumberJacks,14,43,35,12,14,12,2,0,0,7,1,7,4,0,0,6,2,0.4,0.512,0.457,0.969,9,10,1,0,0,3,1,66.67,0,12,37.5,6.4,1.667,88.46,3,8.7,34.78,56.52,0.391,0.125,18,3,2,11,114,3.563,3,9.38,6,18.75,0.0,0,0,0
31,3,Caleb Harmond,LumberJacks,16,51,40,11,16,14,2,0,0,10,0,11,4,0,0,5,1,0.4,0.529,0.45,0.979,3,13,2,0,0,2,1,83.33,2,27,64.29,4.2,5.0,93.75,8,10.34,27.59,62.07,0.4,0.417,14,2,1,13,168,4.0,12,28.57,13,30.95,0.0,2,0,0
32,2,Caleb Salgado,Rush,13,32,29,6,12,12,0,0,0,7,0,3,3,0,0,1,0,0.414,0.469,0.414,0.883,2,8,2,0,0,1,0,0.0,0,12,57.14,0.0,0.0,90.48,7,15.79,21.05,63.16,0.474,0.4,7,1,0,9,85,4.048,2,9.52,5,23.81,0.0,1,0,0
33,8,Calvin Carroll,Coyotes,15,43,33,7,9,6,3,0,0,6,4,6,12,0,0,1,0,0.273,0.442,0.364,0.805,8,11,5,0,0,2,0,100.0,0,21,58.33,6.0,0.6,61.54,6,6.25,12.5,81.25,0.438,0.3,17,4,1,8,154,4.278,7,19.44,13,36.11,0.0,2,0,0
34,20,Cameron Tarling,LumberJacks,15,36,30,10,14,13,1,0,0,9,1,4,4,0,1,8,1,0.467,0.528,0.5,1.028,20,12,1,0,0,2,3,80.0,0,15,46.88,8.0,1.333,88.89,9,20.83,12.5,62.5,0.458,0.286,23,4,0,11,120,3.75,2,6.25,7,21.88,0.0,1,0,0
35,34,Carson Windeshausen,Blue Sox,15,38,30,6,7,5,2,0,0,8,0,7,9,0,1,6,0,0.233,0.368,0.3,0.668,34,10,2,0,0,1,2,100.0,0,15,55.56,3.9,1.167,70.0,4,21.43,28.57,50.0,0.357,0.222,13,1,0,5,119,4.407,4,14.81,7,25.93,0.0,0,0,0
36,9,Catch Brown,Green Dragons,11,22,15,4,1,1,0,0,0,2,2,5,8,0,0,0,0,0.067,0.364,0.067,0.43,9,7,3,0,0,0,0,0.0,1,7,50.0,2.8,1.0,37.5,1,0.0,33.33,66.67,0.0,0.0,3,0,0,0,59,4.214,1,7.14,3,21.43,0.0,0,0,0
37,9,Cesar Ortega,Blue Sox,17,34,21,6,5,3,1,0,1,5,2,11,5,0,0,3,0,0.238,0.529,0.429,0.958,9,12,3,0,0,0,1,100.0,0,14,58.33,3.0,1.6,64.29,1,0.0,66.67,33.33,0.125,0.25,9,0,2,6,112,4.667,1,4.17,9,37.5,14.0,0,0,0
38,21,Chance Clayman,Chill,18,34,30,3,8,7,1,0,0,5,1,3,11,0,0,4,1,0.267,0.353,0.3,0.653,21,12,3,0,0,0,0,66.67,1,9,40.91,22.0,0.111,57.14,5,41.67,0.0,58.33,0.5,0.25,12,2,1,7,83,3.773,2,9.09,4,18.18,0.0,0,0,0
39,9,Chase Highberger,Bombers,16,37,26,6,3,3,0,0,0,1,4,7,6,0,0,3,1,0.115,0.378,0.115,0.494,9,12,2,0,0,2,1,100.0,0,9,33.33,6.8,0.8,75.0,3,20.0,40.0,40.0,0.133,0.0,16,0,0,2,94,3.481,3,11.11,3,11.11,0.0,0,0,0
40,15,Chase Robertson,LumberJacks,21,46,34,14,11,8,2,1,0,5,3,9,8,0,0,9,1,0.324,0.5,0.441,0.941,15,17,5,0,0,1,0,87.5,0,17,44.74,4.8,1.0,70.37,2,5.26,36.84,57.89,0.526,0.4,10,2,3,14,151,3.974,8,21.05,11,28.95,0.0,1,0,0
41,15,Chris Aguilar,Chill,12,23,22,0,4,3,1,0,0,1,0,1,5,0,0,1,0,0.182,0.217,0.227,0.445,15,7,0,0,0,1,0,100.0,0,3,23.08,13.0,0.5,83.33,1,10.0,30.0,50.0,0.3,0.0,5,0,1,4,46,3.538,1,7.69,1,7.69,0.0,1,0,0
42,13,Christopher Lopez,Green Dragons,19,43,33,7,10,8,2,0,0,3,0,10,10,0,0,6,3,0.303,0.465,0.364,0.829,13,14,2,0,0,0,0,57.14,0,17,58.62,4.1,0.875,63.64,4,14.29,57.14,28.57,0.429,0.333,6,1,2,8,118,4.069,3,10.34,5,17.24,0.0,0,0,0
43,11,Cody Baylor,Bootleggers,12,32,25,2,1,1,0,0,0,1,2,4,13,0,1,2,0,0.04,0.219,0.04,0.259,11,9,5,0,1,0,0,0.0,0,11,47.83,7.7,0.273,35.29,2,14.29,57.14,28.57,0.143,0.0,9,0,0,1,104,4.522,4,17.39,7,30.43,0.0,0,0,0
44,25,Cody Benner,LumberJacks,14,28,22,1,2,2,0,0,0,3,2,4,6,0,0,0,0,0.091,0.286,0.091,0.377,25,11,0,0,0,1,1,0.0,0,10,43.48,7.7,1.0,84.21,3,12.5,37.5,50.0,0.125,0.1,21,0,0,2,80,3.478,4,17.39,5,21.74,0.0,1,0,0
45,19,Cole Fowler,Bombers,13,28,21,5,5,2,2,1,0,6,3,4,8,0,0,3,0,0.238,0.429,0.429,0.857,19,11,4,0,0,0,2,100.0,0,13,54.17,6.0,0.8,70.59,4,33.33,33.33,33.33,0.5,0.25,12,1,3,10,79,3.292,2,8.33,5,20.83,0.0,0,0,0
46,9,Cole Savage,NorthStars,18,53,42,10,14,11,2,1,0,5,0,11,3,0,0,1,0,0.333,0.472,0.429,0.9,9,9,0,0,0,0,0,0.0,0,16,59.26,6.8,4.0,95.65,11,36.36,40.91,22.73,0.409,0.375,11,3,2,12,92,3.407,2,7.41,3,11.11,0.0,0,0,0
47,25,Colten Reese,Rush,8,17,14,2,3,3,0,0,0,3,1,2,10,0,0,1,1,0.214,0.353,0.214,0.567,25,5,1,0,0,0,0,0.0,0,4,40.0,5.0,0.333,14.29,0,0.0,100.0,0.0,0.0,0.0,6,0,0,0,50,5.0,3,30.0,4,40.0,0.0,0,0,0
48,3,Connor Frye,Blue Sox,18,42,35,10,7,6,1,0,0,2,3,4,8,0,0,1,0,0.2,0.333,0.229,0.562,3,13,2,0,0,3,2,100.0,1,10,33.33,7.5,0.571,70.83,2,5.88,29.41,64.71,0.176,0.0,21,0,1,4,106,3.533,2,6.67,6,20.0,0.0,0,0,0
49,27,Connor Spindler,Bootleggers,13,36,29,2,7,6,1,0,0,6,2,3,11,0,2,1,0,0.241,0.333,0.276,0.609,27,9,2,0,2,2,1,0.0,0,13,50.0,13.0,0.333,71.43,4,17.65,35.29,47.06,0.412,0.286,9,2,1,8,98,3.769,2,7.69,6,23.08,0.0,0,0,0
50,17,Cristian Angulo,NorthStars,7,21,18,4,4,2,0,2,0,5,0,1,3,0,2,0,0,0.222,0.238,0.444,0.683,17,5,0,0,1,0,0,0.0,0,7,41.18,17.0,0.5,86.67,2,7.14,57.14,35.71,0.214,0.5,4,2,1,5,63,3.706,3,17.65,2,11.76,0.0,0,0,0
51,5,Dalton Irwin,Bombers,14,36,32,3,3,3,0,0,0,0,2,2,7,0,0,0,1,0.094,0.194,0.094,0.288,5,11,3,0,0,5,0,0.0,1,6,23.08,26.0,0.2,79.17,1,5.26,47.37,42.11,0.053,0.0,14,0,0,1,79,3.038,4,15.38,4,15.38,0.0,0,0,0
52,18,Daniel Vendyl,Bombers,11,30,25,2,7,3,4,0,0,3,0,5,7,0,0,0,0,0.28,0.4,0.44,0.84,18,10,1,0,0,2,1,0.0,0,12,44.44,6.8,0.667,73.91,4,23.53,29.41,47.06,0.412,0.222,15,1,4,11,91,3.37,0,0.0,2,7.41,0.0,1,0,0
53,5,Danny Martinez,NorthStars,19,58,47,13,14,13,1,0,0,8,6,5,5,0,0,3,1,0.298,0.431,0.319,0.75,5,10,0,0,0,1,2,66.67,0,12,37.5,10.7,3.0,96.15,5,12.0,24.0,64.0,0.32,0.4,11,4,1,9,108,3.375,1,3.13,3,9.38,0.0,1,0,0
54,12,David Orozco,Rush,13,29,24,5,5,5,0,0,0,3,0,5,6,0,0,0,0,0.208,0.345,0.208,0.553,12,8,2,0,0,1,0,0.0,0,13,61.9,7.0,0.75,77.78,3,14.29,21.43,64.29,0.357,0.3,14,0,0,5,103,4.905,5,23.81,7,33.33,0.0,0,0,0
55,20,Dayton Anderson,Bombers,14,37,32,6,10,7,2,0,1,9,1,4,9,0,0,1,1,0.312,0.405,0.469,0.874,20,13,2,0,0,0,1,50.0,0,15,48.39,7.8,0.571,73.08,5,21.05,26.32,52.63,0.421,0.357,15,5,2,11,137,4.419,5,16.13,9,29.03,0.0,0,0,0
56,25,Dean Samuel,NorthStars,19,48,41,4,8,7,1,0,0,4,1,4,4,0,2,0,0,0.195,0.271,0.22,0.49,25,9,1,0,1,3,2,0.0,0,11,45.83,24.0,0.5,90.91,7,14.29,42.86,42.86,0.238,0.154,20,0,0,5,82,3.417,1,4.17,4,16.67,0.0,0,0,0
57,13,Diego Ruiz,Chill,17,43,32,5,5,3,2,0,0,1,3,8,13,0,0,2,1,0.156,0.372,0.219,0.591,13,11,0,0,0,0,1,66.67,0,11,36.67,6.0,0.556,60.87,2,14.29,42.86,42.86,0.286,0.0,15,0,1,5,115,3.833,2,6.67,3,10.0,0.0,0,0,0
58,1,Dillon Damico,Bootleggers,9,18,16,2,1,1,0,0,0,0,0,2,9,0,0,0,0,0.062,0.167,0.062,0.229,1,7,2,0,0,0,0,0.0,0,5,35.71,7.0,0.333,50.0,1,0.0,50.0,50.0,0.0,0.0,9,0,0,0,60,4.286,4,28.57,3,21.43,0.0,0,0,0
59,18,Drew Griffin,LumberJacks,17,37,32,8,9,6,2,1,0,4,1,4,6,0,0,0,0,0.281,0.378,0.406,0.785,18,14,1,0,0,3,1,0.0,0,15,55.56,9.0,1.0,86.96,3,5.0,45.0,50.0,0.4,0.286,12,1,3,12,105,3.889,8,29.63,7,25.93,0.0,0,0,0
60,13,Dylan Garcia,Bombers,12,26,17,3,2,2,0,0,0,0,3,6,6,0,0,2,1,0.118,0.423,0.118,0.541,13,9,1,0,0,2,0,66.67,0,10,50.0,3.3,2.0,72.73,1,12.5,37.5,50.0,0.25,0.0,6,0,0,2,84,4.2,3,15.0,7,35.0,0.0,0,0,0
61,18,Dylan O'Hair,Green Dragons,18,32,21,7,2,0,2,0,0,2,4,7,10,0,0,0,0,0.095,0.406,0.19,0.597,18,12,4,0,0,1,0,0.0,0,11,47.83,7.7,0.273,31.25,2,40.0,20.0,40.0,0.4,0.25,9,2,2,4,97,4.217,4,17.39,5,21.74,0.0,0,0,0
62,6,Elijah Real,Rush,13,30,25,2,6,4,1,1,0,0,1,4,12,0,0,1,0,0.24,0.367,0.36,0.727,6,9,1,0,0,0,0,100.0,0,8,40.0,6.7,0.333,43.75,3,28.57,42.86,14.29,0.286,0.167,8,0,0,2,87,4.35,2,10.0,4,20.0,0.0,0,0,0
63,44,Enrique Saucedo,NorthStars,14,39,32,5,4,4,0,0,0,6,0,7,16,0,0,0,0,0.125,0.282,0.125,0.407,44,7,3,0,0,0,2,0.0,0,10,52.63,4.8,0.571,53.33,1,12.5,25.0,62.5,0.125,0.143,15,0,0,1,89,4.684,4,21.05,6,31.58,0.0,0,0,0
64,2,Eric Logsdon,Chill,17,45,38,4,15,13,1,1,0,7,0,6,7,0,1,5,3,0.395,0.467,0.474,0.94,2,12,1,0,1,0,0,33.33,1,13,46.43,9.3,0.6,79.17,7,20.0,25.0,55.0,0.45,0.364,14,1,0,9,95,3.393,4,14.29,3,10.71,0.0,1,0,0
65,8,Erik Polanco,LumberJacks,18,38,30,11,11,7,4,0,0,7,4,4,12,0,0,3,1,0.367,0.5,0.5,1.0,8,16,5,0,0,2,0,100.0,0,18,51.43,8.8,0.333,55.56,6,33.33,53.33,13.33,0.533,0.286,18,5,3,11,158,4.514,6,17.14,9,25.71,0.0,0,0,0
66,19,Ethan Hopkins,NorthStars,10,28,25,4,6,5,1,0,0,2,1,2,9,0,0,1,0,0.24,0.321,0.28,0.601,19,4,2,0,0,0,0,100.0,0,4,36.36,11.0,0.333,70.0,1,14.29,57.14,28.57,0.286,0.25,6,1,0,2,47,4.273,2,18.18,2,18.18,0.0,0,0,0
67,24,Ethan Jackson,Chill,10,25,22,1,3,1,1,1,0,2,1,2,9,0,0,0,0,0.136,0.24,0.273,0.513,24,6,0,0,0,0,0,0.0,0,5,31.25,0.0,0.0,66.67,4,20.0,20.0,60.0,0.2,0.111,14,2,1,4,62,3.875,1,6.25,2,12.5,0.0,2,0,0
68,7,Everett Cord,Green Dragons,18,43,39,6,8,7,1,0,0,3,2,2,9,0,0,6,0,0.205,0.279,0.231,0.51,7,13,3,0,0,1,0,100.0,0,11,35.48,31.0,0.143,75.86,7,18.18,31.82,50.0,0.182,0.154,21,1,0,4,116,3.742,4,12.9,5,16.13,0.0,0,0,0
69,3,Frank Kula,A's,19,49,44,10,18,13,5,0,0,5,0,5,13,0,0,3,2,0.409,0.469,0.523,0.992,3,13,4,0,0,2,2,66.67,1,15,45.45,8.3,0.571,75.86,8,36.36,22.73,40.91,0.545,0.3,19,0,2,14,114,3.455,1,3.03,3,9.09,0.0,0,0,0
70,22,Garren Gledhill,Bootleggers,13,36,29,4,10,8,1,1,0,7,1,6,9,0,0,0,0,0.345,0.472,0.448,0.92,22,10,2,0,0,1,1,0.0,0,13,48.15,6.8,0.5,63.64,5,28.57,28.57,42.86,0.5,0.625,9,1,2,10,111,4.111,4,14.81,6,22.22,0.0,0,0,0
71,23,Gavin Partch,Blue Sox,14,27,19,2,5,3,1,1,0,5,1,6,6,0,1,0,1,0.263,0.444,0.421,0.865,23,9,1,0,1,0,1,0.0,0,8,44.44,3.6,1.25,66.67,0,0.0,55.56,44.44,0.333,0.333,6,0,1,4,69,3.833,2,11.11,2,11.11,0.0,1,0,0
72,1,Gino Hutchinson,Coyotes,18,50,44,13,16,9,6,1,0,7,2,4,5,0,0,14,3,0.364,0.44,0.545,0.985,1,13,0,0,0,3,0,75.0,0,23,57.5,10.0,1.0,88.57,9,19.35,41.94,38.71,0.419,0.333,21,2,7,21,161,4.025,8,20.0,8,20.0,0.0,0,0,0
73,2,Hayata Lee,Green Dragons,14,23,19,3,4,4,0,0,0,1,1,3,5,0,0,2,0,0.211,0.348,0.211,0.558,2,9,0,0,0,2,0,100.0,0,7,43.75,8.0,0.667,76.92,3,20.0,20.0,60.0,0.3,0.25,10,1,0,3,55,3.438,3,18.75,3,18.75,0.0,0,0,0
74,17,Ian McCracken,A's,18,43,33,7,6,4,2,0,0,6,2,6,8,0,2,1,1,0.182,0.326,0.242,0.568,17,12,4,0,2,0,0,100.0,0,14,45.16,10.3,0.6,80.0,3,4.55,54.55,40.91,0.273,0.308,19,2,1,7,120,3.871,4,12.9,7,22.58,0.0,1,0,0
75,14,Isaac Vargas,Rush,12,28,23,1,1,1,0,0,0,1,1,4,20,0,0,0,0,0.043,0.214,0.043,0.258,14,7,6,0,0,1,0,0.0,0,5,27.78,6.0,0.25,20.0,0,0.0,33.33,66.67,0.333,0.1,16,0,0,1,75,4.167,1,5.56,3,16.67,0.0,0,0,0
76,14,Isaiah Nunez,Coyotes,13,36,30,3,6,6,0,0,0,1,1,5,8,0,0,0,1,0.2,0.333,0.2,0.533,14,8,2,0,0,1,1,0.0,0,13,56.52,5.8,1.0,78.95,6,26.67,26.67,46.67,0.333,0.25,14,0,0,5,81,3.522,3,13.04,6,26.09,0.0,0,0,0
77,18,Issac Rodas,Bootleggers,12,29,25,0,1,1,0,0,0,1,0,3,14,0,1,0,0,0.04,0.138,0.04,0.178,18,9,3,0,1,0,0,0.0,0,9,39.13,11.5,0.182,45.0,2,0.0,50.0,50.0,0.1,0.0,14,0,0,1,106,4.609,3,13.04,4,17.39,0.0,1,0,0
78,21,Issac Ypina,Green Dragons,17,31,27,3,5,5,0,0,0,1,0,4,8,0,0,0,0,0.185,0.29,0.185,0.476,21,11,3,0,0,1,0,0.0,0,11,52.38,7.0,0.5,66.67,5,16.67,33.33,50.0,0.333,0.167,10,1,0,4,90,4.286,4,19.05,4,19.05,0.0,0,0,0
79,17,Jace Dominic,Bootleggers,8,23,21,3,8,4,4,0,0,3,1,1,4,0,0,0,1,0.381,0.435,0.571,1.006,17,6,0,0,0,0,1,0.0,0,9,64.29,14.0,0.5,84.62,5,36.36,36.36,27.27,0.545,0.667,4,1,4,10,49,3.5,0,0.0,3,21.43,0.0,0,0,0
80,22,Jack Rose,Blue Sox,15,32,26,2,4,3,0,1,0,3,2,4,9,0,0,0,0,0.154,0.312,0.231,0.543,22,10,0,0,0,3,0,0.0,0,8,36.36,11.0,0.333,68.42,3,7.69,30.77,61.54,0.231,0.3,14,2,1,5,80,3.636,1,4.55,3,13.64,0.0,0,0,0
81,15,Jackson Gifford,Bootleggers,13,41,37,5,14,11,2,1,0,6,2,1,15,0,1,0,1,0.378,0.415,0.486,0.901,15,13,1,0,1,2,0,0.0,0,12,37.5,32.0,0.083,57.14,3,11.11,44.44,38.89,0.588,0.25,20,4,3,14,101,3.156,2,6.25,5,15.63,0.0,0,0,0
82,22,Jackson Toms,Coyotes,13,34,26,5,5,5,0,0,0,3,2,6,10,0,0,4,0,0.192,0.382,0.192,0.575,22,11,3,0,0,0,0,100.0,0,10,38.46,5.2,0.625,57.89,2,18.18,36.36,45.45,0.364,0.4,9,0,0,4,114,4.385,2,7.69,7,26.92,0.0,0,0,0
83,13,Jacob Buysse,Blue Sox,15,35,24,5,4,3,1,0,0,3,2,9,10,0,0,0,0,0.167,0.429,0.208,0.637,13,11,3,0,0,0,0,0.0,0,11,44.0,4.2,1.0,64.71,2,0.0,63.64,36.36,0.273,0.0,13,1,1,4,114,4.56,5,20.0,7,28.0,0.0,0,0,0
84,14,Jaden Pickowitz,LumberJacks,18,46,31,9,11,7,3,0,1,9,0,13,13,1,1,1,0,0.355,0.533,0.548,1.082,14,15,3,1,1,2,0,100.0,0,31,77.5,3.3,1.2,61.54,7,27.78,33.33,33.33,0.529,0.412,19,4,3,12,196,4.9,9,22.5,13,32.5,0.0,0,0,0
85,4,James Nelson,Coyotes,14,35,30,7,6,6,0,0,0,3,1,4,7,0,0,1,0,0.2,0.314,0.2,0.514,4,10,2,0,0,0,1,0.0,0,10,43.48,7.7,0.429,63.16,4,25.0,58.33,16.67,0.25,0.1,17,1,0,3,100,4.348,3,13.04,3,13.04,0.0,0,0,0
86,5,James Taylor III,Green Dragons,17,35,24,9,8,7,1,0,0,2,6,4,4,0,1,6,0,0.333,0.514,0.375,0.889,5,12,1,0,0,0,0,100.0,0,9,39.13,5.8,1.333,80.0,4,33.33,33.33,33.33,0.5,0.333,5,1,1,7,88,3.826,0,0.0,4,17.39,0.0,0,0,0
87,5,Jarret Batanian,LumberJacks,15,31,28,3,6,3,2,1,0,8,0,3,11,0,0,0,1,0.214,0.29,0.357,0.647,5,11,3,0,0,1,0,0.0,0,10,47.62,7.0,0.333,50.0,3,11.11,44.44,44.44,0.222,0.222,17,3,1,3,88,4.19,5,23.81,6,28.57,0.0,0,0,0
88,18,Jason Silva,Chill,6,12,9,1,2,2,0,0,0,1,0,3,2,0,0,0,0,0.222,0.417,0.222,0.639,18,3,0,0,0,0,0,0.0,0,2,40.0,2.5,2.0,66.67,0,0.0,50.0,50.0,0.0,0.0,2,0,0,0,23,4.6,0,0.0,1,20.0,0.0,0,0,0
89,8,Jaxon Diamond,NorthStars,19,55,44,11,11,6,4,0,1,9,1,10,10,0,0,3,1,0.25,0.4,0.409,0.809,8,9,3,0,0,0,0,66.67,0,16,53.33,3.8,1.333,71.43,2,0.0,73.33,26.67,0.4,0.111,14,1,3,9,125,4.167,4,13.33,7,23.33,0.0,0,0,0
90,26,Jed Downham,A's,13,32,21,5,7,2,4,0,1,7,7,4,1,0,0,0,1,0.333,0.562,0.667,1.229,26,10,0,0,0,1,0,0.0,0,10,43.48,5.8,4.0,92.86,3,7.69,53.85,38.46,0.385,0.4,4,0,3,8,97,4.217,3,13.04,5,21.74,0.0,0,0,0
91,21,Jeremy Brown,Rush,16,45,40,7,9,5,4,0,0,8,0,5,13,0,0,0,0,0.225,0.311,0.325,0.636,21,11,1,0,0,2,0,0.0,0,14,46.67,10.0,0.5,77.78,2,9.52,57.14,33.33,0.333,0.333,18,0,4,11,113,3.767,3,10.0,8,26.67,0.0,1,0,0
92,7,Jesse Chacon,Bootleggers,14,41,34,10,13,8,2,3,0,3,4,3,3,0,0,0,1,0.382,0.488,0.618,1.105,7,10,0,0,0,1,1,100.0,0,14,51.85,13.5,0.667,86.36,5,26.32,36.84,36.84,0.474,0.167,11,1,4,15,96,3.556,3,11.11,5,18.52,0.0,1,0,0
93,10,Jesus Castro,A's,3,7,5,0,0,0,0,0,0,0,0,1,0,0,1,0,0,0.0,0.143,0.0,0.143,10,1,0,0,0,0,0,0.0,0,0,0.0,0.0,0.0,100.0,0,0.0,0.0,100.0,0.0,0.0,1,0,0,0,2,2.0,0,0.0,0,0.0,0.0,1,0,0
94,8,Jimmy Stoner,Green Dragons,16,35,34,6,10,8,1,1,0,6,1,0,11,0,0,2,1,0.294,0.314,0.382,0.697,8,11,3,0,0,2,0,0.0,1,8,33.33,0.0,0.0,65.22,1,6.67,53.33,40.0,0.267,0.2,14,0,2,7,95,3.958,4,16.67,5,20.83,0.0,1,0,0
95,11,Joey Rossetti,Chill,16,46,35,13,16,10,6,0,0,9,5,5,6,0,1,5,3,0.457,0.565,0.629,1.194,11,11,2,0,1,1,1,62.5,0,17,58.62,9.7,1.0,85.71,8,36.84,21.05,42.11,0.526,0.375,8,1,3,13,118,4.069,6,20.69,6,20.69,0.0,0,0,0
96,21,Johnny Young,LumberJacks,8,14,12,3,3,3,0,0,0,1,2,0,5,0,0,0,0,0.25,0.357,0.25,0.607,21,7,0,0,0,0,1,0.0,0,3,23.08,0.0,0.0,54.55,1,16.67,16.67,66.67,0.5,0.333,9,0,0,3,42,3.231,0,0.0,2,15.38,0.0,0,0,0
97,10,Jordan Breen,NorthStars,15,40,34,7,5,5,0,0,0,3,2,4,4,0,0,1,0,0.147,0.275,0.147,0.422,10,7,0,0,0,2,0,100.0,0,6,31.58,19.0,0.0,100.0,3,5.88,29.41,64.71,0.118,0.333,11,0,0,2,72,3.789,2,10.53,3,15.79,0.0,1,0,0
98,2,Jose Carranza,LumberJacks,18,46,38,8,13,9,3,1,0,13,1,6,8,0,1,0,0,0.342,0.435,0.474,0.908,2,14,0,0,1,0,1,0.0,0,19,50.0,9.5,0.667,81.25,4,11.11,48.15,40.74,0.444,0.364,30,4,4,17,142,3.737,4,10.53,5,13.16,0.0,2,0,0
99,3,Joseph Guzman,Rush,16,38,31,5,8,8,0,0,0,2,1,6,3,0,0,2,0,0.258,0.395,0.258,0.653,3,11,2,0,0,1,2,100.0,0,11,45.83,6.0,2.0,90.0,6,11.11,22.22,66.67,0.333,0.111,15,0,0,6,81,3.375,2,8.33,2,8.33,0.0,0,0,0
100,1,Joseph Licari,Rush,15,41,32,7,8,6,2,0,0,4,4,5,13,0,0,9,2,0.25,0.415,0.312,0.727,1,10,2,0,0,1,0,50.0,0,6,25.0,12.0,0.182,45.0,2,11.11,44.44,44.44,0.333,0.2,12,0,0,3,94,3.917,2,8.33,4,16.67,0.0,1,0,0
101,16,Joseph Jiminez,LumberJacks,18,54,35,10,12,11,1,0,0,11,13,5,3,0,1,3,1,0.343,0.556,0.371,0.927,16,16,1,0,1,1,0,75.0,0,19,39.58,9.6,1.667,90.0,9,17.86,35.71,46.43,0.321,0.5,15,6,1,10,174,3.625,4,8.33,5,10.42,0.0,0,0,0
102,3,Josh Loving,Coyotes,15,40,29,5,10,8,2,0,0,8,2,9,3,0,0,3,1,0.345,0.525,0.414,0.939,3,10,1,0,0,1,2,100.0,0,16,55.17,3.6,4.0,89.47,4,11.76,23.53,64.71,0.353,0.333,11,3,1,7,129,4.448,5,17.24,9,31.03,0.0,0,0,0
103,14,Judson Seliskar,Blue Sox,15,45,31,7,9,6,0,2,1,13,3,9,6,0,2,1,0,0.29,0.467,0.516,0.983,14,11,0,0,2,1,0,100.0,0,17,51.52,4.1,2.0,80.95,2,0.0,52.63,47.37,0.222,0.231,20,0,2,10,124,3.758,2,6.06,7,21.21,21.0,0,0,0
104,4,Kaden Oshiro,Bombers,13,33,19,15,4,4,0,0,0,0,0,14,6,0,0,7,1,0.211,0.545,0.211,0.756,4,11,3,0,0,1,0,88.89,0,21,70.0,2.5,2.4,72.22,6,35.71,21.43,35.71,0.308,0.0,11,0,0,4,152,5.067,4,13.33,12,40.0,0.0,0,0,0
105,4,Kai Hanasaki,Green Dragons,13,26,25,2,5,3,1,1,0,2,0,0,8,1,0,2,0,0.2,0.2,0.32,0.52,4,9,2,1,0,1,0,100.0,0,11,57.89,0.0,0.0,66.67,4,30.77,15.38,46.15,0.333,0.143,12,1,2,7,75,3.947,2,10.53,5,26.32,0.0,0,0,0
106,12,Kaleb Higgs,A's,15,36,30,7,6,4,2,0,0,2,3,3,9,0,0,2,1,0.2,0.333,0.267,0.6,12,10,1,0,0,0,1,50.0,0,8,42.11,9.5,0.667,78.57,2,18.18,45.45,36.36,0.182,0.25,13,0,1,3,75,3.947,6,31.58,5,26.32,0.0,0,0,0
107,33,Kaleb Wise,Blue Sox,12,34,33,4,10,8,2,0,0,5,0,1,10,0,0,2,0,0.303,0.324,0.364,0.687,33,9,3,0,0,0,1,100.0,0,9,36.0,0.0,0.0,64.0,6,37.5,31.25,31.25,0.375,0.214,21,0,2,8,95,3.8,4,16.0,4,16.0,0.0,0,0,0
108,11,Kayden Dawson,Blue Sox,17,44,28,11,8,5,3,0,0,9,6,7,6,0,3,1,0,0.286,0.477,0.393,0.87,11,11,1,0,2,1,1,0.0,0,16,55.17,4.8,2.0,82.35,6,37.5,43.75,18.75,0.438,0.4,7,0,3,10,105,3.621,5,17.24,4,13.79,0.0,0,0,0
109,6,Kenny Booth,Bombers,14,26,23,0,1,1,0,0,0,1,1,2,13,0,0,3,0,0.043,0.154,0.043,0.197,6,13,3,0,0,0,0,100.0,0,8,34.78,11.5,0.167,40.0,0,0.0,62.5,37.5,0.0,0.0,12,0,0,0,94,4.087,5,21.74,6,26.09,0.0,0,0,0
110,1,Kenny Vo,Bombers,12,26,21,1,3,3,0,0,0,2,0,5,14,0,0,0,0,0.143,0.308,0.143,0.451,1,10,6,0,0,0,0,0.0,0,7,31.82,4.4,0.417,29.41,1,0.0,40.0,60.0,0.4,0.333,4,1,0,2,84,3.818,2,9.09,4,18.18,0.0,0,0,0
111,8,Kevin Sanchez,A's,2,0,0,0,0,0,0,0,0,0,0,0,0,0,0,0,0,0.0,0.0,0.0,0.0,8,1,0,0,1,0,0,100.0,0,4,100.0,0.0,0.0,100.0,3,50.0,25.0,25.0,0.5,0.0,0,0,0,2,8,2.0,0,0.0,0,0.0,0.0,0,0,0
112,11,Kirk Felikian,Rush,15,29,22,9,6,5,1,0,0,2,1,6,5,0,0,10,0,0.273,0.448,0.318,0.766,11,10,1,0,0,1,1,100.0,2,9,60.0,3.8,2.0,80.0,2,12.5,37.5,50.0,0.375,0.0,5,0,1,4,57,3.8,1,6.67,3,20.0,0.0,0,0,0
113,7,Korbin Fickett,A's,14,38,28,3,6,4,1,1,0,9,1,8,4,0,1,0,0,0.214,0.395,0.321,0.716,7,12,2,0,1,2,1,0.0,0,16,47.06,5.7,1.5,84.62,5,21.74,43.48,34.78,0.261,0.231,13,1,2,9,122,3.588,2,5.88,7,20.59,0.0,0,0,0
114,26,Kyle England,Blue Sox,10,28,23,5,3,2,1,0,0,2,2,3,11,0,0,0,0,0.13,0.286,0.174,0.46,26,8,2,0,0,0,1,100.0,0,3,14.29,10.5,0.25,52.94,0,0.0,55.56,44.44,0.222,0.1,17,1,1,3,67,3.19,0,0.0,0,0.0,0.0,1,0,0
115,12,Kyle Turner,LumberJacks,12,32,29,3,10,5,4,1,0,7,1,2,8,0,0,0,0,0.345,0.406,0.552,0.958,12,12,3,0,0,1,1,0.0,0,11,37.93,14.5,0.222,65.38,6,5.88,41.18,52.94,0.353,0.1,20,4,3,10,102,3.517,1,3.45,2,6.9,0.0,0,0,0
116,21,Larson Scholtz,A's,14,37,27,8,9,4,3,1,1,12,3,7,9,0,0,5,0,0.333,0.514,0.63,1.143,21,9,2,0,0,1,0,100.0,0,10,41.67,4.8,0.833,66.67,2,8.33,41.67,50.0,0.417,0.333,9,1,3,9,87,3.625,1,4.17,4,16.67,0.0,0,0,0
117,10,Leo Asfar,LumberJacks,17,34,33,7,10,9,1,0,0,6,0,1,9,0,0,0,0,0.303,0.324,0.333,0.657,10,12,2,0,0,1,2,0.0,0,10,41.67,24.0,0.167,73.91,7,23.53,23.53,52.94,0.412,0.333,13,1,0,7,65,2.708,2,8.33,1,4.17,0.0,0,0,0
118,6,Logan Keller,Coyotes,16,46,34,12,6,4,1,1,0,5,6,5,8,0,1,13,0,0.176,0.37,0.265,0.634,6,11,2,0,1,1,6,100.0,1,17,50.0,8.5,0.8,79.17,6,5.0,35.0,55.0,0.25,0.091,21,3,1,7,144,4.235,8,23.53,9,26.47,0.0,0,0,0
119,20,Lucas Barnes,Bootleggers,16,45,37,7,10,7,2,0,1,9,2,6,11,0,0,1,0,0.27,0.4,0.405,0.805,20,11,3,0,0,0,0,100.0,0,14,50.0,9.3,0.375,68.0,8,35.29,35.29,29.41,0.438,0.25,19,3,3,13,105,3.75,4,14.29,5,17.86,25.0,1,0,0
120,25,Luke Culver,Coyotes,18,45,32,10,8,6,1,1,0,2,4,9,8,0,0,3,2,0.25,0.467,0.344,0.81,25,12,2,0,0,2,1,75.0,0,13,41.94,5.2,1.0,71.43,3,20.0,20.0,60.0,0.267,0.125,12,0,1,6,115,3.71,4,12.9,6,19.35,0.0,0,0,0
121,3,Mac Mcclleand,Chill,17,36,26,10,6,4,1,0,1,5,1,9,9,0,0,5,1,0.231,0.444,0.385,0.829,3,12,4,0,0,1,2,80.0,0,16,59.26,5.4,0.625,61.9,4,23.08,30.77,46.15,0.308,0.25,8,1,1,5,110,4.074,4,14.81,6,22.22,0.0,0,0,0
122,23,Marcus Burton,Rush,16,41,29,9,2,2,0,0,0,2,1,11,8,0,0,5,0,0.069,0.341,0.069,0.41,23,10,3,0,0,3,2,100.0,0,15,48.39,4.4,1.4,79.17,2,5.26,36.84,57.89,0.105,0.0,16,0,0,2,132,4.258,3,9.68,8,25.81,0.0,0,0,0
123,10,Marcus Sanders,A's,7,19,15,1,1,1,0,0,0,1,0,4,9,0,0,0,0,0.067,0.263,0.067,0.33,10,6,3,0,0,0,0,0.0,0,6,46.15,3.3,0.8,44.44,0,0.0,75.0,25.0,0.0,0.0,7,0,0,0,47,3.615,3,23.08,3,23.08,0.0,0,0,0
124,26,Mario Catalan,NorthStars,15,48,42,10,12,8,3,1,0,5,1,5,2,0,0,7,1,0.286,0.375,0.405,0.78,26,8,1,0,0,0,3,83.33,0,11,40.74,6.8,4.0,95.65,6,9.09,9.09,81.82,0.318,0.222,15,2,1,9,85,3.148,0,0.0,2,7.41,0.0,3,0,0
125,8,Mason Macias,Bombers,19,40,33,13,17,15,1,1,0,10,3,4,6,0,0,9,3,0.515,0.6,0.606,1.206,8,16,1,0,0,1,0,81.82,0,14,43.75,10.7,1.0,88.46,9,39.13,39.13,21.74,0.652,0.438,13,6,1,17,123,3.844,2,6.25,3,9.38,0.0,0,0,0
126,12,Mason Oliphant,Green Dragons,17,42,24,9,5,4,1,0,0,5,6,12,4,0,0,9,1,0.208,0.548,0.25,0.798,12,12,0,0,0,1,0,71.43,0,13,46.43,4.0,2.333,81.25,3,23.08,61.54,15.38,0.231,0.167,8,1,1,4,110,3.929,4,14.29,7,25.0,0.0,0,0,0
127,4,Matthew Singh,Bootleggers,15,38,34,1,8,7,1,0,0,5,1,3,5,0,0,0,0,0.235,0.316,0.265,0.58,4,11,2,0,0,0,1,0.0,1,9,33.33,13.5,0.5,83.33,5,25.0,55.0,20.0,0.25,0.444,14,1,0,5,93,3.444,1,3.7,2,7.41,0.0,3,0,0
128,17,Michael Raymond,Blue Sox,16,41,31,9,9,9,0,0,0,6,1,9,3,0,0,0,1,0.29,0.463,0.29,0.754,17,11,1,0,0,2,2,0.0,1,12,40.0,5.0,6.0,95.65,2,9.09,31.82,59.09,0.182,0.25,14,2,0,4,112,3.733,4,13.33,7,23.33,0.0,1,0,0
129,2,Nate Nunley,Coyotes,14,40,28,8,3,2,1,0,0,10,3,6,7,0,3,7,0,0.107,0.3,0.143,0.443,2,11,2,0,2,0,2,100.0,0,15,51.72,9.7,0.75,82.61,5,19.05,38.1,42.86,0.143,0.167,16,3,1,4,113,3.897,4,13.79,3,10.34,0.0,2,0,0
130,1,Nathan Aldaz,NorthStars,17,49,38,5,9,9,0,0,0,1,2,9,7,0,0,3,0,0.237,0.408,0.237,0.645,1,9,0,0,0,0,1,0.0,0,11,40.74,5.4,1.667,85.0,2,5.88,41.18,52.94,0.176,0.0,8,0,0,3,97,3.593,5,18.52,8,29.63,0.0,0,0,0
131,16,Nicholas Brownyard,Coyotes,8,19,16,5,5,5,0,0,0,1,0,3,4,0,0,1,1,0.312,0.421,0.312,0.734,16,3,1,0,0,0,1,0.0,1,4,44.44,4.5,2.0,85.71,1,0.0,50.0,50.0,0.333,1.0,2,0,0,2,36,4.0,2,22.22,3,33.33,0.0,0,0,0
132,12,Nicholas Ely,Coyotes,16,36,30,6,7,6,1,0,0,3,0,6,7,0,0,8,2,0.233,0.361,0.267,0.628,12,11,1,0,0,0,0,77.78,1,15,53.57,3.5,1.6,75.0,3,0.0,40.0,60.0,0.333,0.25,8,0,1,6,117,4.179,3,10.71,6,21.43,0.0,1,0,0
133,33,Nicholas Ochoa,Bombers,14,39,28,7,4,2,1,1,0,7,5,5,9,0,1,3,0,0.143,0.359,0.25,0.609,33,12,5,0,1,2,1,100.0,0,11,33.33,16.5,0.222,65.38,4,11.11,55.56,33.33,0.167,0.154,20,1,1,5,128,3.879,4,12.12,8,24.24,0.0,0,0,0
134,6,Nixon Collins-Brown,Chill,14,30,22,1,4,4,0,0,0,0,0,8,3,0,0,1,0,0.182,0.4,0.182,0.582,6,9,0,0,0,1,1,100.0,0,5,26.32,6.3,1.0,81.25,1,7.69,15.38,69.23,0.231,0.0,10,0,0,3,70,3.684,1,5.26,2,10.53,0.0,0,0,0
135,5,Noble Ortega,Blue Sox,11,25,22,0,6,6,0,0,0,3,0,2,2,0,1,0,0,0.273,0.32,0.273,0.593,5,9,0,0,1,1,0,0.0,0,10,45.45,22.0,1.0,95.0,5,20.0,45.0,35.0,0.3,0.5,8,2,0,6,88,4.0,1,4.55,3,13.64,0.0,0,0,0
136,4,Owen Powers,LumberJacks,20,47,30,20,6,2,4,0,0,4,12,5,9,0,0,4,1,0.2,0.489,0.333,0.823,4,16,2,0,0,4,0,80.0,0,18,45.0,10.0,0.571,73.08,3,5.26,52.63,36.84,0.263,0.333,15,0,3,8,160,4.0,5,12.5,10,25.0,0.0,0,0,0
137,7,Owen Boyce,Chill,15,37,33,11,10,9,1,0,0,3,0,3,10,0,1,5,0,0.303,0.351,0.333,0.685,7,10,1,0,1,2,0,100.0,1,12,50.0,8.0,0.6,75.0,4,12.5,31.25,56.25,0.438,0.25,9,1,1,8,84,3.5,4,16.67,4,16.67,0.0,1,0,0
138,13,Owen Fuoco,Coyotes,16,44,42,9,20,14,5,1,0,11,1,1,8,0,0,5,2,0.476,0.5,0.643,1.143,13,11,0,0,0,1,2,33.33,1,16,48.48,33.0,0.25,87.1,9,22.22,48.15,29.63,0.519,0.5,13,5,5,20,101,3.061,1,3.03,4,12.12,0.0,0,0,0
139,6,Parker Loureiro,Green Dragons,17,37,33,2,10,8,2,0,0,6,2,2,4,0,0,1,0,0.303,0.378,0.364,0.742,6,12,0,0,0,0,1,100.0,0,12,46.15,13.0,0.5,81.82,7,33.33,50.0,16.67,0.278,0.25,13,1,2,7,99,3.808,3,11.54,4,15.38,0.0,0,0,0
140,26,Payden Wysong,Coyotes,11,27,21,4,3,3,0,0,0,2,0,6,10,0,0,3,0,0.143,0.333,0.143,0.476,26,8,0,0,0,1,0,100.0,0,8,57.14,2.8,1.667,66.67,2,0.0,16.67,83.33,0.5,0.5,1,0,0,3,62,4.429,1,7.14,3,21.43,0.0,0,0,0
141,14,Preston Carrillo,Chill,16,36,26,2,4,4,0,0,0,3,1,9,9,0,0,1,0,0.154,0.389,0.154,0.543,14,11,3,0,0,2,0,100.0,0,11,45.83,4.8,1.25,77.78,3,7.14,28.57,50.0,0.143,0.167,11,1,0,2,96,4.0,3,12.5,6,25.0,0.0,0,0,0
142,11,Preston Winget,A's,17,47,36,7,18,13,5,0,0,8,3,8,5,0,0,10,1,0.5,0.617,0.639,1.256,11,12,2,0,0,1,0,83.33,2,15,45.45,8.3,1.333,88.89,8,25.0,33.33,41.67,0.417,0.333,12,1,2,12,111,3.364,3,9.09,6,18.18,0.0,2,0,0
143,7,Richard Reding,Bombers,17,30,19,9,4,3,1,0,0,1,4,7,11,0,0,8,1,0.211,0.5,0.263,0.763,7,15,5,0,0,1,1,90.0,0,12,46.15,4.3,0.6,37.5,2,33.33,16.67,50.0,0.5,0.2,11,0,0,3,106,4.077,4,15.38,6,23.08,0.0,0,0,0
144,33,Richie Amavizca,A's,15,48,38,11,17,14,1,1,1,6,6,4,8,0,0,4,0,0.447,0.562,0.605,1.168,33,12,3,0,0,0,1,100.0,1,14,38.89,12.0,0.5,78.57,7,18.18,45.45,36.36,0.524,0.545,15,1,3,18,129,3.583,4,11.11,5,13.89,28.0,0,0,0
145,2,Robbie Lopez,Bootleggers,15,40,36,6,11,9,0,0,2,10,0,4,4,0,0,3,0,0.306,0.375,0.472,0.847,2,12,0,0,0,0,2,100.0,1,9,31.03,14.5,0.667,88.89,6,4.17,41.67,54.17,0.182,0.2,14,1,2,12,101,3.483,0,0.0,1,3.45,13.5,0,0,0
146,22,Roman Robles,NorthStars,18,55,34,8,9,6,1,2,0,9,10,11,5,0,0,5,0,0.265,0.545,0.412,0.957,22,9,0,0,0,1,0,100.0,2,18,60.0,4.3,2.333,83.33,7,26.67,13.33,60.0,0.4,0.375,10,2,2,9,127,4.233,5,16.67,8,26.67,0.0,0,0,0
147,4,Ruben Leon,Rush,7,20,16,1,2,2,0,0,0,2,1,3,4,0,0,1,0,0.125,0.3,0.125,0.425,4,3,1,0,0,0,0,0.0,0,4,44.44,9.0,0.333,57.14,1,25.0,0.0,75.0,0.25,0.25,5,1,0,1,43,4.778,1,11.11,3,33.33,0.0,0,0,0
148,39,Sam Holling,NorthStars,7,16,14,3,3,2,1,0,0,3,1,1,5,0,0,0,0,0.214,0.312,0.286,0.598,39,2,0,0,0,0,0,0.0,0,1,50.0,2.0,0.0,100.0,0,0.0,100.0,0.0,0.0,0.0,1,0,0,0,8,4.0,0,0.0,1,50.0,0.0,0,0,0
149,19,Sawyer Ewert,Rush,9,21,16,3,2,0,1,1,0,2,1,4,9,0,0,0,0,0.125,0.333,0.312,0.646,19,5,1,0,0,1,0,0.0,0,4,30.77,6.5,0.333,40.0,0,0.0,75.0,25.0,0.25,0.167,9,2,1,3,55,4.231,1,7.69,3,23.08,0.0,0,0,0
150,10,Sawyer Stidham,Green Dragons,17,38,22,8,8,5,2,1,0,5,0,16,7,0,0,5,1,0.364,0.632,0.545,1.177,10,13,0,0,0,0,0,83.33,2,17,60.71,2.3,4.0,81.25,2,7.69,38.46,53.85,0.462,0.667,6,2,3,10,118,4.214,5,17.86,8,28.57,0.0,0,0,0
151,16,Seungmin Shin,Rush,13,34,24,6,3,3,0,0,0,3,3,7,7,0,0,4,0,0.125,0.382,0.125,0.507,16,8,2,0,0,2,0,100.0,0,7,30.43,7.7,0.75,76.47,3,15.38,30.77,53.85,0.154,0.286,10,1,0,2,73,3.174,1,4.35,3,13.04,0.0,0,0,0
152,16,Stevie Murata,Blue Sox,19,47,35,15,12,11,1,0,0,7,4,7,5,0,1,5,0,0.343,0.489,0.371,0.861,16,14,0,0,0,1,1,100.0,0,16,51.61,6.2,1.25,81.82,5,16.67,27.78,55.56,0.389,0.143,21,1,1,8,121,3.903,5,16.13,8,25.81,0.0,0,0,0
153,9,Taylor Claman,Chill,18,42,26,2,3,2,1,0,0,4,5,11,14,0,0,0,0,0.115,0.452,0.154,0.606,9,13,2,0,0,0,0,0.0,1,19,63.33,3.3,1.0,47.06,2,25.0,37.5,37.5,0.25,0.125,11,0,1,3,131,4.367,6,20.0,12,40.0,0.0,0,0,0
154,24,Trey Willis,Bootleggers,9,22,20,6,7,5,2,0,0,2,0,2,1,0,0,2,0,0.35,0.409,0.45,0.859,24,8,0,0,1,0,0,100.0,1,8,53.33,15.0,0.0,100.0,5,28.57,35.71,35.71,0.286,0.5,5,0,1,5,50,3.333,2,13.33,2,13.33,0.0,0,0,0
155,5,Trine Schmidthuber,Rush,13,35,25,6,5,4,1,0,0,3,1,7,9,0,2,4,0,0.2,0.371,0.24,0.611,5,9,4,0,2,0,0,100.0,0,12,54.55,4.4,0.833,57.14,2,10.0,60.0,30.0,0.3,0.25,8,0,0,3,92,4.182,4,18.18,6,27.27,0.0,1,0,0
156,34,Ty Farwell,A's,17,47,39,11,12,11,1,0,0,9,5,3,5,0,0,4,0,0.308,0.426,0.333,0.759,34,12,0,0,0,4,1,100.0,0,13,37.14,17.5,0.667,90.0,7,18.52,37.04,44.44,0.222,0.263,22,2,0,6,105,3.0,2,5.71,4,11.43,0.0,1,0,0
157,11,Ty Phipps,Green Dragons,6,9,9,0,0,0,0,0,0,0,0,0,3,0,0,0,0,0.0,0.0,0.0,0.0,11,4,2,0,0,0,1,0.0,0,3,42.86,0.0,0.0,57.14,1,0.0,50.0,50.0,0.0,0.0,6,0,0,0,27,3.857,0,0.0,2,28.57,0.0,0,0,0
158,25,Ty Potts,A's,17,45,35,6,12,12,0,0,0,5,3,7,4,0,0,1,0,0.343,0.489,0.343,0.832,25,11,0,0,0,2,1,100.0,0,13,43.33,6.0,2.5,90.91,5,20.0,10.0,70.0,0.25,0.333,7,1,0,5,127,4.233,4,13.33,8,26.67,0.0,0,0,0
159,11,Tyler Harries,Coyotes,16,45,39,8,12,8,4,0,0,6,2,3,5,0,1,2,0,0.308,0.378,0.41,0.788,11,11,1,0,1,0,1,100.0,1,17,53.13,10.7,0.75,84.62,9,30.43,34.78,34.78,0.435,0.444,15,3,3,13,118,3.688,5,15.63,5,15.63,0.0,1,0,0
160,24,Tyler Marr,Bombers,13,34,29,3,10,9,1,0,0,3,0,5,3,0,0,3,0,0.345,0.441,0.379,0.82,24,10,1,0,0,4,0,100.0,0,12,50.0,6.0,2.0,90.0,5,27.78,16.67,55.56,0.333,0.333,7,1,1,7,89,3.708,2,8.33,4,16.67,0.0,1,0,0
161,20,Tyler Nelson,Blue Sox,15,37,26,6,7,5,2,0,0,1,1,10,8,0,0,1,0,0.269,0.486,0.346,0.833,20,11,4,0,0,0,0,0.0,0,18,64.29,4.7,0.857,66.67,5,14.29,50.0,35.71,0.5,0.333,11,0,2,9,126,4.5,4,14.29,8,28.57,0.0,0,0,0
162,31,William Sanchez,A's,18,48,41,12,20,17,3,0,0,10,2,4,9,0,1,9,0,0.488,0.542,0.561,1.103,31,11,1,0,0,0,1,100.0,0,11,39.29,9.3,0.6,80.0,4,15.0,30.0,55.0,0.45,0.444,12,2,1,10,110,3.929,4,14.29,7,25.0,0.0,1,0,0
163,1,Xavier Bejerano,Green Dragons,17,29,23,5,4,4,0,0,0,3,1,4,5,0,1,7,1,0.174,0.31,0.174,0.484,1,14,1,0,1,0,0,83.33,0,11,52.38,7.0,0.75,75.0,4,30.77,38.46,30.77,0.231,0.125,11,1,0,3,92,4.381,1,4.76,5,23.81,0.0,0,0,0
164,8,Zach Edwards,Bootleggers,15,42,28,9,9,7,1,1,0,5,2,12,12,0,0,1,2,0.321,0.548,0.429,0.976,8,12,3,0,0,0,0,0.0,0,16,50.0,3.2,1.111,59.09,3,7.69,46.15,46.15,0.538,0.5,9,4,2,10,146,4.563,6,18.75,10,31.25,0.0,0,0,0
165,31,Zach Gervais,Bombers,13,28,26,1,5,3,2,0,0,3,2,0,15,0,0,0,1,0.192,0.25,0.269,0.519,31,11,2,0,0,1,0,0.0,0,9,36.0,0.0,0.0,43.48,2,10.0,60.0,30.0,0.4,0.375,14,2,2,6,89,3.56,4,16.0,4,16.0,0.0,0,0,0
